version,code,description,release_date
"",01A,ACIDO URSODESOSSICOLICO ZENTIVA,
"",01A,ACIDO URSODESOSSICOLICO AUROBINDO,
"",01A,LITOFF,
"",01A,ACIDO URSODESOSSICOLICO,
"",01A,URSILON,
"",01A,URSOLISIN,
"",01A,ACIDO URSODESOSSICOLICO EG,
"",01A,URDES,
"",01A,URSOBIL,
"",01A,DEURSIL,
"",01A,ACIDO URSODESOSSICOLICO DOC GENERICI,
"",01A,URSOFLOR,
"",01A,LITURSOL,
"",01A,ACIDO URSODESOSSICOLICO MYLAN GENERICS,
"",01B,LITOFF,
"",01B,URSILON,
"",01B,URSOFLOR,
"",01B,ACIDO URSODESOSSICOLICO DOC GENERICI,
"",01B,ACIDO URSODESOSSICOLICO,
"",01B,ACIDO URSODESOSSICOLICO EG,
"",01B,URSOBIL HT,
"",01B,DEURSIL,
"",01B,URDES,
"",01C,URSOLISIN,
"",01C,URDES,
"",01C,ACIDO URSODESOSSICOLICO MYLAN GENERICS,
"",01C,URSACOL,
"",01C,URSOBIL,
"",01C,LITURSOL,
"",01C,DEURSIL,
"",01D,URSILON,
"",01D,URDES,
"",01D,DEURSIL,
"",02A,MESALAZINA DOROM,
"",02A,ASAMAX,
"",02A,MESALAZINA EG,
"",02A,ARGONAL,
"",02B,MESALAZINA DOROM,
"",02B,ARGONAL,
"",02B,ASACOL,
"",02D,PROCTASACOL,
"",02D,PENTACOL,
"",02D,PENTACOL,
"",02D,ASAMAX,
"",02D,ARGONAL,
"",02D,ASACOL,
"",02E,ASACOL,
"",02E,MESALAZINA SANDOZ,
"",02E,ASALEX,
"",02E,ARGONAL,
"",02E,ASACOL,
"",02E,MESAFLOR,
"",02F,ASACOL,
"",02F,MESALAZINA SANDOZ,
"",02F,MESAFLOR,
"",02F,PENTASA,
"",02F,PENTACOL,
"",02F,ARGONAL,
"",02F,ASACOL,
"",02F,ASALEX,
"",02F,LEXTRASA,
"",02G,CLAVERSAL,
"",02G,MESALAZINA SANDOZ,
"",02G,MESAFLOR,
"",02H,PENTACOL,
"",02H,MESALAZINA DOROM,
"",02H,MESALAZINA MYLAN GENERICS,
"",02H,ASACOL,
"",02H,MESALAZINA EG,
"",02H,ASALEX,
"",02H,ASAMAX,
"",02H,ARGONAL,
"",02H,MESALAZINA DOC,
"",02I,PENTASA,
"",02I,ASACOL,
"",02L,ASACOL,
"",02L,MESALAZINA DOROM,
"",02L,PENTACOL,
"",02L,MESALAZINA MYLAN GENERICS,
"",03A,CACIT,
"",03A,CALCIUM SANDOZ,
"",03A,IDRACAL,
"",03A,CALCIO CARBONATO,
"",03A,CALCIODIE,
"",04A,TICLOPIDINA DOROM,
"",04A,CHIARO,
"",04A,TICLOPIDINA TECNIGEN,
"",04A,TICLOPIDINA EG,
"",04A,TICLOPIDINA ALTER,
"",04A,TICLOPIDINA MYLAN GENERICS,
"",04A,TICLOPIDINA ALMUS,
"",04A,KLODIN,
"",04A,FLUILAST,
"",04A,TICLOPIDINA SANDOZ,
"",04A,TICLOPIDINA AUROBINDO,
"",04A,TICLOPIDINA GIT,
"",04A,FLUPID,
"",04A,TIKLID,
"",04A,FLUXIDIN,
"",04A,CLOX,
"",04A,TICLOPIDINA PENSA,
"",04A,TICLOPIDINA DOC GENERICI,
"",05A,ISOSORBIDE MONONITRATO DOC GENERICI,
"",05A,ELAN,
"",05A,ISOSORBIDE MONONITRATO,
"",05A,MONOCINQUE,
"",05C,ISOSORBIDE MONONITRATO,
"",05C,ISOSORBIDE MONONITRATO,
"",05C,MONOKET,
"",05C,MONOCINQUE,
"",05C,ELAN,
"",05C,ISOSORBIDE MONONITRATO DOC GENERICI,
"",05C,ISMO,
"",05D,MONOKET,
"",05D,MONOCINQUE,
"",05D,ISOSORBIDE MONONITRATO,
"",05D,ELAN,
"",05D,ISOSORBIDE MONONITRATO DOC GENERICI,
"",05D,ISOSORBIDE MONONITRATO,
"",05E,ISOSORBIDE MONONITRATO,
"",05E,DURONITRIN,
"",05E,ISOSORBIDE MONONITRATO,
"",05E,MONOKET,
"",05E,ISOSORBIDE MONONITRATO DOC GENERICI,
"",06A,IPAMIX,
"",06A,MILLIBAR,
"",06A,PRESSURAL,
"",06A,INDAPAMIDE MYLAN GENERICS,
"",06A,INDAPAMIDE PENSA,
"",06B,INDAPAMIDE SANDOZ,
"",06B,VEROXIL,
"",06C,INDAPAMIDE DOC GENERICI,
"",06C,INDAPAMIDE AUROBINDO,
"",06C,INDAPAMIDE MYLAN GENERICS ITALIA,
"",06C,NATRILIX,
"",07A,SOTALOLO TEVA,
"",07A,SOTALOLO,
"",07A,SOTALOLO MYLAN GENERICS,
"",07A,SOTALEX,
"",07C,SOTALOLO MYLAN GENERICS,
"",07C,RYTMOBETA,
"",08A,METOPROLOLO AUROBINDO,
"",08A,LOPRESOR,
"",08A,METOPROLOLO,
"",08A,METOPROLOLO EG,
"",08A,METOPROLOLO DOC GENERICI,
"",08C,METOPROLOLO ACCORD,
"",08C,METOPROLOLO EG,
"",08C,SELOKEN,
"",08C,METOPROLOLO AUROBINDO,
"",08C,METOPROLOLO DOC GENERICI,
"",08D,METOPROLOLO DOC GENERICI,
"",08D,METOPROLOLO,
"",08E,LOPRESOR,
"",08E,METOPROLOLO HEXAL,
"",08E,SELOKEN,
"",09A,ATENOLOLO DOC GENERICI,
"",09A,ATENOLOLO RATIOPHARM,
"",09B,ATENOLOLO,
"",09B,TENOMAX,
"",09B,ATENOLOLO AUROBINDO ITALIA,
"",09B,ATENOLOLO MYLAN GENERICS,
"",09B,ATENOL,
"",09B,ATENOLOLO AHCL,
"",09B,ATENOLOLO,
"",09B,ATENOLOLO ZENTIVA,
"",09B,ATENOLOLO ABC,
"",09B,ATENOLOLO ALTER,
"",09B,SELES BETA,
"",09B,ATENOLOLO,
"",09B,ATENOLOLO PENSA,
"",09B,ATENOLOLO DOC GENERICI,
"",09C,ATENOLOLO AUROBINDO ITALIA,
"",09C,ATENOLOLO,
"",09C,ATENOLOLO AHCL,
"",09C,ATENOLOLO,
"",09D,TENSIBLOCK,
"",09D,ATENOLOLO EG,
"",09D,ATENOLOLO PENSA,
"",09D,TENORMIN,
"",09D,ATENOLOLO DOC GENERICI,
"",09D,ATENOLOLO ABC,
"",09D,ATENOLOLO RATIOPHARM,
"",09D,ATENOLOLO ALTER,
"",09D,ATENOLOLO,
"",09D,ATENOLOLO FG,
"",09D,ATENOLOLO ZENTIVA,
"",09D,ATENOLOLO MYLAN GENERICS,
"",09D,ATENOLOLO AUROBINDO ITALIA,
"",09D,ATENOLOLO ALMUS,
"",10A,ATENIGRON,
"",10A,ATENOLOLO CLORTALIDONE DOC GENERICI,
"",10A,ATENOLOLO E CLORTALIDONE MYLAN GENERICS,
"",10A,ATENOLOLO CLORTALIDONE,
"",10A,IGROSELES,
"",10A,ATENOLOLO CLORTALIDONE,
"",10A,TARGET,
"",10A,TENORETIC,
"",10B,ATENOLOLO CLORTALIDONE,
"",10B,ATENOLOLO CLORTALIDONE DOC GENERICI,
"",10B,IGROSELES,
"",10B,TENORETIC,
"",10B,ATENOLOLO CLORTALIDONE,
"",10D,ATENOLOLO CLORTALIDONE,
"",10D,CLORTANOL,
"",12A,AMARKOR*,
"",12A,NIFEDIPINA EG*,
"",12A,NIPIN*,
"",12A,FENIDINA*,
"",12A,CORAL*,
"",12B,NIFEDIPINA EG*,
"",12B,AMARKOR*,
"",12B,CORAL*,
"",12B,FENIDINA*,
"",12B,NIPIN*,
"",12D,NIFEDIPINA MYLAN GENERICS,
"",12D,NIFEDIPINA DOC GENERICI,
"",12D,NIFEDIPINA EG,
"",12D,NIFEDIPINA SANDOZ,
"",12X,ADALAT CRONO,
"",12X,ADALAT CRONO,
"",12X,ADALAT CRONO,
"",12X,NIFEDIPINA DOC,
"",12X,ADALAT CRONO,
"",12X,NIFEDIPINA MYLAN GENERICS ITALIA,
"",12X,ADALAT CRONO,
"",12X,ADALAT CRONO,
"",12X,ADALAT CRONO,
"",12Y,NIFEDIPINA MYLAN GENERICS ITALIA,
"",12Y,NIFEDIPINA DOC,
"",12Y,ADALAT CRONO,
"",12Y,ADALAT CRONO,
"",13A,ISOPTIN,
"",13A,VERAPAMIL HEXAL,
"",13A,VERAPAMIL EG,
"",13A,VERAPAMIL DOC GENERICI,
"",13B,ISOPTIN,
"",13B,VERAPAMIL EG,
"",13B,VERAPAMIL DOC GENERICI,
"",13C,ISOPTIN,
"",13C,VERAPAMIL HEXAL,
"",14A,DILTIAZEM RATIOPHARM,
"",14A,DILTIAZEM,
"",14B,DILZENE,
"",14B,DILTIAZEM,
"",14B,DILTIAZEM MYLAN GENERICS ITALIA,
"",14B,TILDIEM,
"",14B,DILTIAZEM SANDOZ GMBH,
"",14B,DILADEL,
"",14B,ALTIAZEM,
"",14B,DILTIAZEM RATIOPHARM,
"",14B,DILTIAZEM DOC GENERICI,
"",14B,ANGIZEM,
"",14C,ALTIAZEM,
"",14C,ANGIZEM,
"",14C,DILADEL,
"",14C,DILTIAZEM SANDOZ,
"",14C,DILZENE,
"",14C,DILTIAZEM EG,
"",14C,DILTIAZEM DOC GENERICI,
"",14C,DILTIAZEM MYLAN GENERICS ITALIA,
"",14C,TILDIEM,
"",14G,DILZENE,
"",14G,ALTIAZEM,
"",14G,ANGIZEM,
"",14G,DILTIAZEM DOC GENERICI,
"",14G,DILTIAZEM SANDOZ,
"",14G,DILTIAZEM MYLAN GENERICS ITALIA,
"",14G,DILADEL,
"",14G,TILDIEM,
"",14I,TILDIEM,
"",14I,ANGIZEM,
"",14I,DILTIAZEM SANDOZ BV,
"",14I,DILADEL,
"",15A,GENLIP,
"",15A,LOPID,
"",15A,GEMFIBROZIL EG,
"",15A,GEMFIBROZIL DOC GENERICI,
"",15B,GEMFIBROZIL EG,
"",15B,GEMFIBROZIL DOC GENERICI,
"",15B,LOPID,
"",17A,PARLODEL,
"",17A,BROMOCRIPTINA,
"",18A,AMOXICILLINA SANDOZ,
"",18A,ZIMOX,
"",18A,AMOXINA,
"",18A,AMOXICILLINA ZENTIVA ITALIA,
"",18B,AMOXICILLINA ARISTO,
"",18B,AMOXICILLINA UNION HEALTH,
"",18B,AMOXICILLINA SUN,
"",18B,AMOXICILLINA RATIOPHARM,
"",18B,SIEVERT,
"",18B,AMOXICILLINA HEXAL AG,
"",18B,AMOXICILLINA DOC GENERICI,
"",18B,AMOXINA,
"",18B,AMOXICILLINA MYLAN PHARMA,
"",18B,AMOXICILLINA AUROBINDO,
"",18B,ZIMOX,
"",18B,AMOXICILLINA MYLAN GENERICS,
"",18B,SINTOPEN,
"",18B,AMOXICILLINA ALTER,
"",18B,AMOXICILLINA PENSA,
"",18B,AMOXICILLINA PENSA PHARMA,
"",18B,AMOXICILLINA ALMUS,
"",18B,ZIMOX,
"",18B,AMOXICILLINA GIT,
"",18B,AMOX,
"",18B,AMOSOL,
"",18B,AMOXICILLINA EG,
"",18B,AMOXICILLINA AUROBINDO ITALIA,
"",18B,AMOXICILLINA ABC,
"",18B,AMOXICILLINA SANDOZ GMBH,
"",18B,AMOXICILLINA TECNIGEN,
"",18B,VELAMOX,
"",18K,ZIMOX,
"",18K,AMOXICILLINA AUROBINDO ITALIA,
"",18K,VELAMOX,
"",19A,PIPERTEX,
"",19A,PIPERITAL,
"",19A,PIPERACILLINA SODICA,
"",19B,PIPERACILLINA SODICA,
"",19B,PIPERITAL,
"",19B,PIPERTEX,
"",20A,CEFAZOLINA PHARMACARE,
"",20A,NEFAZOL,
"",20A,CEFAZIL,
"",20A,CEFAZOLINA GIT,
"",20A,CEFAZOLINA TEVA,
"",21A,VALECLOR,
"",21A,BACTIGRAM,
"",21A,CEFACLOR DOC GENERICI,
"",21A,MACOVAN,
"",21A,KLIACEF,
"",21A,PANACEF,
"",21A,PERFORMER,
"",21A,CEFACLOR,
"",21C,CEFACLOR,
"",21C,PANACEF,
"",21C,BACTIGRAM,
"",21D,CEFACLOR EG,
"",21D,BACTIGRAM,
"",21D,MACOVAN,
"",21D,NECLORAL,
"",21D,PANACEF,
"",21D,PERFORMER,
"",21D,SELVICLOR,
"",21D,CLORAZER,
"",26A,ACICLOVIR EG,
"",26A,ACICLOVIR AUROBINDO,
"",26A,ACICLOVIR SANDOZ,
"",26A,NEVIRAN,
"",26A,ACICLOVIR GIT,
"",26A,ACICLOVIR ACCORD,
"",26A,ZOVIRAX,
"",26A,ACICLOVIR ALMUS,
"",26A,ACICLOVIR MYLAN GENERICS,
"",26A,ACICLOVIR DOROM,
"",26A,ACICLOVIR,
"",26A,ACICLOVIR ABC,
"",26A,ACICLIN,
"",26B,ZOVIRAX,
"",26B,ACICLOVIR AUROBINDO PHARMA,
"",26B,ACICLOVIR EG,
"",26B,ACICLOVIR ZENTIVA ITALIA,
"",26C,ACICLOVIR ZENTIVA ITALIA,
"",26C,ACICLOVIR DOROM,
"",26C,ACICLOVIR EG,
"",26C,ACICLIN,
"",26C,ACICLOVIR SANDOZ,
"",26C,ACICLOVIR AUROBINDO PHARMA,
"",26C,SINAFID,
"",26C,CIVRAL,
"",26C,ACICLOVIR MYLAN GENERICS,
"",26C,ZOVIRAX,
"",26C,ACICLOVIR,
"",26E,ACICLOVIR GIT,
"",26E,ACICLOVIR EG,
"",26E,ACICLOVIR AUROBINDO PHARMA,
"",26E,ACICLOVIR DOROM,
"",26E,ACICLOVIR ALMUS,
"",26E,ACICLOVIR AUROBINDO,
"",26E,CITIVIR,
"",26E,ACICLOVIR ACCORD,
"",26E,TUCLOR,
"",26E,ACICLOVIR ZENTIVA ITALIA,
"",26E,ACICLIN,
"",26E,ACICLOVIR ALTER,
"",26E,NEVIRAN,
"",26E,AMODIVYR,
"",26E,ACICLOVIR MYLAN GENERICS,
"",26E,ACICLOVIR,
"",26E,CYCLOVIRAN,
"",26E,ZOVIRAX,
"",26E,ACICLOVIR PENSA,
"",26E,ACICLOVIR ABC,
"",26E,ACICLOVIR SANDOZ,
"",28A,FENADOL,
"",28A,FENDER,
"",28A,DEALGIC,
"",28A,DICLOREUM,
"",28A,DICLOFAN,
"",28A,DEFLAMAT,
"",28B,DICLOFENAC MYLAN GENERICS,
"",28B,DICLOFENAC DOC GENERICI,
"",28B,DICLOFENAC,
"",28B,DICLOFENAC HEXAL AG,
"",28B,VOLTAREN,
"",28B,FLOGOFENAC,
"",28C,VOLTFAST,
"",28C,DICLOFENAC,
"",28C,DICLOREUM,
"",28C,DICLOFENAC,
"",28C,VOLTFAST,
"",28C,VOLTAREN,
"",28D,DICLOFENAC DOC GENERICI,
"",28D,DICLOFENAC MYLAN,
"",28D,VOLTAREN,
"",28D,VOLTAREN,
"",28D,VOLTAREN,
"",28E,VOLTAREN,
"",28E,DICLOFENAC,
"",28E,DICLOFENAC,
"",28E,DICLOFENAC DOC,
"",28E,DICLOFENAC ALMUS,
"",28E,DICLOFENAC,
"",28F,DICLOREUM,
"",28F,DICLOFAN,
"",28H,DEALGIC,
"",28H,DEFLAMAT,
"",29A,PIROXICAM DOC GENERICI,
"",29A,PIROXICAM,
"",29A,PIROXICAM,
"",29A,FELDENE,
"",29A,BREXIN,
"",29A,PIROXICAM,
"",29A,BREXIN,
"",29A,IPSOFLOG,
"",29B,PIROXICAM,
"",29B,PIROXICAM DOC,
"",29B,IPSOFLOG,
"",29B,REUMAGIL,
"",29B,PIROXICAM SANDOZ GMBH,
"",29B,FELDENE,
"",30A,NAPROSSENE EG,
"",30A,NAPROXENE SODICO HCS,
"",30A,NAPROXENE GIT,
"",30A,NAPROSYN,
"",30A,NAPROSYN,
"",30A,SYNFLEX,
"",30A,NAPROXENE SODICO DOC GENERICI,
"",30A,SYNFLEX,
"",30C,LASER,
"",30C,NAPROSYN,
"",31A,IBIFEN,
"",31A,IBIFEN,
"",31A,KETOPROFENE,
"",31A,FLEXEN,
"",31A,ORUDIS,
"",31B,IBIFEN,
"",31B,FLEXEN,
"",31B,KETOPROFENE UNION HEALTH,
"",31B,ORUDIS,
"",31B,ISOFENAL,
"",31B,OKI,
"",31B,DOLGOSIN,
"",31B,KETOPROFENE EG STADA,
"",31D,DOLGOSIN,
"",31D,KETOPROFENE EG,
"",31D,EUKETOS,
"",31D,KETOPLUS,
"",31D,ALKET,
"",31E,FLEXEN,
"",31E,KETOPROFENE DOC GENERICI,
"",31E,KETOPROFENE,
"",31E,STEOFEN,
"",31E,ORUDIS,
"",31E,IBIFEN,
"",31F,OKI,
"",31F,ROFIXDOL,
"",31F,KETOPROFENE SALE DI LISINA PHARMEG,
"",31F,KELIS,
"",31F,KETOPROFENE SALE DI LISINA RATIOPHARM,
"",31F,KETOPROFENE SALE DI LISINA DOC GENERICI,
"",31F,ARDBEG,
"",31F,KETOPROFENE SALE DI LISINA PENSA,
"",31F,KETOPROFENE SALE DI LISINA MYLAN GENERICS,
"",31F,KETOPROFENE SALE DI LISINA EG,
"",32A,NIMESULENE,
"",32A,NIMESULIDE DOC GENERICI,
"",32A,DOMES,
"",32A,ALGIMESIL,
"",32A,NIMESULIDE BIG,
"",32A,NIMESULIDE PENSA,
"",32A,NIMESULIDE ALMUS,
"",32A,NIMESULIDE ALTER,
"",32A,NIMESULIDE DOC GENERICI,
"",32A,NIMESULIDE RATIOPHARM,
"",32A,ISODOL,
"",32A,DOMES,
"",32A,NIMESULIDE MYLAN GENERICS,
"",32A,ALGOLIDER,
"",32A,NIMESULIDE SANDOZ,
"",32A,NIMESULIDE EG,
"",32A,NIMESULIDE GIT,
"",32A,AULIN,
"",32A,LEDOREN,
"",32A,AULIN,
"",32A,NIMESULIDE MYLAN GENERICS,
"",32A,NIMESULIDE PENSA,
"",32A,EFRIDOL,
"",32A,SULIDAMOR,
"",32A,NIMESULIDE GIT,
"",32A,ALGIMESIL,
"",32A,NIMESULIDE ALMUS,
"",32A,NIMESULIDE EG,
"",33A,ALLOPURINOLO ACCORD,
"",33A,ALLOPURINOLO TEVA ITALIA,
"",33A,ALLOPURINOLO DOC GENERICI,
"",33A,ALLOPURINOLO MOLTENI,
"",33A,ALLOPURINOLO MYLAN,
"",33A,ZYLORIC,
"",33A,ALLOPURINOLO SANDOZ,
"",33B,ALLOPURINOLO DOC GENERICI,
"",33B,ALLOPURINOLO ACCORD,
"",33B,ZYLORIC,
"",33B,ALLOPURINOLO SANDOZ,
"",33B,ALLOPURINOLO MOLTENI,
"",33B,ALLOPURINOLO TEVA ITALIA,
"",33B,ALLOPURINOLO MYLAN,
"",34B,SINEMET,
"",34B,LEVODOPA CARBIDOPA HEXAL,
"",34C,SINEMET,
"",34C,LEVODOPA CARBIDOPA HEXAL,
"",35A,FLUOXETINA EG,
"",35A,FLUOXETINA RATIOPHARM,
"",35A,FLUOXETINA DOC GENERICI,
"",35A,FLUOXETINA EG STADA,
"",35B,FLUOXETINA DOC GENERICI,
"",35B,FLUOXEREN,
"",35D,DIESAN,
"",35D,PROZAC,
"",35D,FLUOXETINA FIDIA,
"",35D,FLUOXETINA EG STADA,
"",35D,FLUOXETINA ACCORD,
"",35D,PROFELIX,
"",35D,FLUOXETINA MYLAN GENERICS,
"",35D,FLUOXETINA RATIOPHARM,
"",35D,FLUOXETINA DOC GENERICI,
"",35D,FLUOXETINA EG,
"",35D,FLUOXETINA ALMUS,
"",35D,XEREDIEN,
"",35D,PROZAC,
"",35D,FLUOXETINA FIDIA,
"",35D,FLUOXEREN,
"",35D,PROFELIX,
"",35D,FLUOXETINA SANDOZ GMBH,
"",35D,FLUOXETINA GENERICS,
"",35D,FLUOXEREN,
"",37A,TIMOPTOL,
"",37A,DROPTIMOL,
"",37A,DROPTIMOL,
"",37B,TIMOPTOL,
"",37B,TIMOLOLO OMNIVISION,
"",37B,CUSIMOLOL,
"",37B,DROPTIMOL,
"",37B,IALUTIM,
"",37B,DROPTIMOL,
"",37C,TIMOLABAK,
"",37C,TIMOD,
"",37D,TIMOD,
"",37D,TIMOLABAK,
"",38A,CLASTEON,
"",38A,CLODY,
"",38A,DIFOSFONAL,
"",38A,CLODRONATO ABC,
"",38B,CLODRON,
"",38B,CLASTEON,
"",38B,DIFOSFONAL,
"",39A,DEPAKIN,
"",39A,SODIO VALPROATO AUROBINDO ITALIA,
"",40A,ACQUA PER PREPARAZIONI INIETTABILI,
"",40A,ACQUA PER PREPARAZIONI INIETTABILI,
"",40C,ACQUA PER PREPARAZIONI INIETTABILI,
"",40C,ACQUA PER PREPARAZIONI INIETTABILI,
"",41A,ADRENALINA,
"",41A,ADRENALINA GALENICA SENESE,
"",41A,ADRENALINA,
"",41B,ADRENALINA,
"",41B,ADRENALINA,
"",41B,ADRENALINA GALENICA SENESE,
"",42C,AMIKAN,
"",42C,LIKACIN,
"",42D,LUKADIN,
"",42D,AMIKAN,
"",42D,LIKACIN,
"",42D,MIKAN,
"",42D,NEKACIN,
"",42D,AMIKACINA TEVA,
"",42D,CHEMACIN,
"",44B,AMIODAR,
"",44B,CORDARONE,
"",44B,AMIODARONE MYLAN,
"",44B,AMIODARONE RATIOPHARM ITALIA,
"",44B,AMIODARONE SANDOZ,
"",44B,AMIODARONE ZENTIVA,
"",44B,AMIODARONE AUROBINDO,
"",47A,ATROPINA SOLFATO,
"",47A,ATROPINA SOLFATO,
"",48A,AZAFOR,
"",48A,AZATIOPRINA ASPEN,
"",48A,AZATIOPRINA HEXAL,
"",50A,BECOTIDE,
"",50B,CLENIL JET,
"",50B,CLENIL,
"",50B,BECOTIDE,
"",50D,CLENILEXX*,
"",50D,CLENILEXX*,
"",50G,BECLOMETASONE TEVA,
"",50G,PRONTINAL,
"",50G,CLENIL,
"",50J,TOPSTER,
"",50J,CLIPPER,
"",53A,BETAMETASONE EG,
"",53A,BETAMETASONE,
"",53A,ALBAFLO,
"",53A,BENTELAN,
"",53A,IBET,
"",53A,BETAMETASONE DOC,
"",53B,BETAMETASONE EG STADA,
"",53B,BETAMETASONE ZENTIVA,
"",53B,BETAMETASONE DOC GENERICI,
"",53B,BENTELAN,
"",53B,ETASON,
"",53C,BETAMETASONE EG STADA,
"",53C,BETAMETASONE DOC GENERICI,
"",53C,BENTELAN,
"",53C,ETASON,
"",53C,BETAMETASONE ZENTIVA,
"",53D,ALBAFLO,
"",53D,BENTELAN,
"",53D,BETAMETASONE DOC,
"",53D,BETAMETASONE EG,
"",57A,CAPTOPRIL EG,
"",57A,CAPTOPRIL MYLAN GENERICS,
"",57B,CAPTOPRIL EG,
"",57B,CAPTOPRIL MYLAN GENERICS,
"",58B,CARBAMAZEPINA ZENTIVA,
"",58B,TEGRETOL,
"",58C,TEGRETOL,
"",58C,CARBAMAZEPINA EG,
"",58D,TEGRETOL,
"",58D,CARBAMAZEPINA EG,
"",63B,CUROXIM,
"",63B,ITOREX,
"",63C,CEFUROXIMA MYLAN,
"",63C,ZINNAT,
"",63C,CEFUROXIMA SANDOZ,
"",63C,ORAXIM,
"",63D,ZINNAT,
"",63D,TILEXIM,
"",63D,CEFUROXIMA SANDOZ,
"",63D,ORAXIM,
"",63D,CEFUROXIMA EG,
"",63D,CEFUROXIMA MYLAN,
"",66A,VISOFID,
"",66A,DIANE,
"",67A,DALACIN C FOSFATO,
"",67A,CLINDAMICINA IBI,
"",73A,DESFERAL,
"",73A,DEFEROXAMINA NORIDEM,
"",76D,BASSADO,
"",76D,MIRACLIN,
"",77B,SOSEFLUSS,
"",77B,REOFLUS,
"",77B,ECASOLV,
"",78A,PHAREPA,
"",78A,EPSOCLAR,
"",81D,CLIMARA,
"",81D,FEMSEVEN,
"",81F,DERMESTRIL,
"",81F,ESTRADERM MX,
"",87B,FLUNIGAR,
"",87B,NEBULCORT,
"",87B,FLUNISOLIDE EG,
"",87B,AEROLID,
"",87B,LUNIBRON,
"",87B,ASSOLID,
"",87B,AERFLU,
"",87B,LEVONIS,
"",87B,DORICOFLU,
"",87B,FLUNISOLIDE MYLAN GENERICS,
"",87B,ASMAFLU,
"",87C,EUROFLU,
"",87C,PLAUDIT,
"",87C,ELIOSID,
"",87C,ASMAFLU,
"",87C,PULMIST,
"",87C,FLUNITOP,
"",87D,FLUNITOP,
"",87D,CHARLYN,
"",87D,AERFLU,
"",87D,PLAUDIT,
"",87D,ASTIAN,
"",87D,ELIOSID,
"",87D,LEVONIS,
"",87D,CITIFLUX,
"",87D,PULMIST,
"",87D,ASMAFLU,
"",87D,EUROFLU,
"",89B,LASIX,
"",89B,FUROSEMIDE HEXAL,
"",89C,FUROSEMIDE MYLAN GENERICS,
"",89C,FUROSEMIDE DOC GENERICI,
"",89C,FUROSEMIDE ARISTO,
"",89C,FUROSEMIDE TEVA,
"",89C,FUROSEMIDE HEXAL,
"",89C,LASIX,
"",89D,FUROSEMIDE,
"",89D,FUROSEMIDE AUROBINDO,
"",89D,FUROSEMIDE DOC GENERICI,
"",89D,FUROSEMIDE MYLAN GENERICS,
"",89D,LASIX,
"",89D,FUROSEMIDE TEVA GENERICS,
"",92A,DIABREZIDE,
"",92A,GLICLAZIDE EG,
"",92A,GLICLAZIDE ZENTIVA,
"",92A,GLICLAZIDE PENSA,
"",92A,GLICLAZIDE,
"",92A,GLICLAZIDE DOC GENERICI,
"",92A,GLICLAZIDE ALMUS,
"",92B,DRAMION,
"",92B,GLICLAZIDE ZENTIVA LAB,
"",92B,GLEUKOS,
"",92B,GLICLAZIDE ZENTIVA LAB,
"",92B,GLICLAZIDE MYLAN GENERICS ITALIA,
"",92B,GLICLAZIDE KRKA,
"",92B,GLICLAZIDE EG STADA,
"",92B,DIAMICRON,
"",92B,DIAMICRON,
"",92B,GLICLAZIDE SANDOZ,
"",92B,GLICLAZIDE DOC GENERICS,
"",92B,DIAMICRON,
"",92B,DIAMICRON,
"",92B,GLICLAZIDE TEVA,
"",92B,GLICLAZIDE KRKA,
"",92C,GLICLAZIDE SANDOZ BV,
"",92C,GLICLAZIDE KRKA,
"",92C,GLICLAZIDE EG STADA ITALIA,
"",92C,GLICLAZIDE KRKA,
"",92C,DIAMICRON,
"",92C,DRAMION,
"",92C,DIAMICRON,
"",92C,GLEUKOS,
"",92C,GLICLAZIDE DOC GENERICS,
"",92C,GLICLAZIDE TEVA,
"",93A,GLUCOSIO MONICO,
"",93A,GLUCOSIO GALENICA SENESE,
"",93D,GLUCOSIO EUROSPITAL,
"",93D,GLUCOSIO BAXTER,
"",93D,GLUCOSIO SALF,
"",93D,GLUCOSIO FRESENIUS KABI ITALIA,
"",93D,GLUCOSIO BIOINDUSTRIA L.I.M.,
"",93D,GLUCOSIO MONICO,
"",93D,GLUCOSIO DIACO,
"",93D,GLUCOSIO GALENICA SENESE,
"",93E,GLUCOSIO EUROSPITAL,
"",93E,GLUCOSIO FRESENIUS KABI ITALIA,
"",93E,GLUCOSIO MONICO,
"",93E,GLUCOSIO BIOINDUSTRIA L.I.M.,
"",93E,GLUCOSIO SALF,
"",93E,GLUCOSIO DIACO,
"",93E,GLUCOSIO BAXTER,
"",93E,GLUCOSIO GALENICA SENESE,
"",93F,GLUCOSIO GALENICA SENESE,
"",93F,GLUCOSIO MONICO,
"",93H,GLUCOSIO BIOINDUSTRIA L.I.M.,
"",93H,GLUCOSIO GALENICA SENESE,
"",93H,GLUCOSIO DIACO,
"",93H,GLUCOSIO MONICO,
"",93H,GLUCOSIO BAXTER,
"",93H,GLUCOSIO SALF,
"",93I,GLUCOSIO BIOINDUSTRIA L.I.M.,
"",93I,GLUCOSIO FRESENIUS KABI ITALIA,
"",93I,GLUCOSIO EUROSPITAL,
"",93I,GLUCOSIO SALF,
"",93I,GLUCOSIO DIACO,
"",93I,GLUCOSIO GALENICA SENESE,
"",93I,GLUCOSIO MONICO,
"",93I,GLUCOSIO BAXTER,
"",93J,GLUCOSIO GALENICA SENESE,
"",93J,GLUCOSIO MONICO,
"",93L,GLUCOSIO MONICO,
"",93L,GLUCOSIO GALENICA SENESE,
"",94A,GRISOVINA FP,
"",94A,FULCIN,
"",95A,BRUFEN,
"",95A,IBUPROFENE DOC,
"",95A,BRUFEN,
"",95A,BRUFEN,
"",95A,IBUPROFENE AUROBINDO PHARMA ITALIA,
"",95B,BRUFEN,
"",95B,SPIDIFEN,
"",95B,IBUPROFENE PHARMEG,
"",95B,IBUMAL,
"",95B,BRUFEN,
"",95B,BRUFEN,
"",95B,BRUFEN,
"",95B,BRUFEN,
"",95B,SPIDIFEN,
"",95B,BRUFEN,
"",95B,BRUFEN,
"",95B,IBUPROFENE ANGELINI,
"",95B,IBUPROFENE TEVA,
"",95B,IBUPROFENE DOC,
"",95B,IBUPROFENE EG STADA,
"",95B,IBUPROFENE ABC,
"",95B,BRUFEN,
"",95B,IBUPROFENE AUROBINDO PHARMA ITALIA,
"",95B,ALGOPIRINDOL,
"",95B,BRUFEN,
"",95B,IBUPROFENE ALTER,
"",95B,IBUPROFENE DOC GENERICI,
"",95B,BRUFEN,
"",95B,IBUPROFENE EG STADA,
"",95B,IBUPROFENE FG,
"",95B,IBUPROFENE ABC FARMACEUTICI,
"",95B,BRUFEN,
"",95B,BRUFEN,
"",95B,IBUPROFENE ARISTO PHARMA,
"",96A,IDROCLOROTIAZIDE AUROBINDO,
"",96A,ESIDREX,
"",A1A,METFORMINA TEVA,
"",A1A,METFORMINA ALMUS,
"",A1A,METFORMINA PENSA,
"",A1A,METFORMINA EG STADA GROUP,
"",A1A,METFORMINA DOC GENERICI,
"",A1A,ZUGLIMET,
"",A1A,METFORMINA DOC,
"",A1A,METFORMINA MYLAN GENERICS,
"",A1A,METFONORM,
"",A1A,METFORMINA BLUEFISH,
"",A1A,METFORMINA AUROBINDO,
"",A1A,GLUCOPHAGE,
"",A1B,GLUCOPHAGE,
"",A1B,METFORMINA BLUEFISH,
"",A1B,METFORMINA DOC GENERICI,
"",A1B,METFORMINA ALMUS,
"",A1B,METFORMINA MYLAN GENERICS,
"",A1B,METFORMINA DOC,
"",A1B,ZUGLIMET,
"",A1B,METFONORM,
"",A1B,METFORMINA AUROBINDO,
"",A1B,METFORMINA EG STADA GROUP,
"",A1B,METFORMINA AUROBINDO,
"",A1B,METFORMINA HEXAL AG,
"",A1B,METFORMINA PENSA,
"",A1B,METFORMINA TEVA,
"",A1C,METFORMINA BLUEFISH,
"",A1C,METFORALMILLE,
"",A1C,METFORMINA HEXAL,
"",A1C,METFORMINA TEVA ITALIA,
"",A1C,METFORMINA DOC,
"",A1C,METFORMINA DOC GENERICI,
"",A1C,METFORMINA MYLAN GENERICS,
"",A1C,METFORMINA PENSA,
"",A1C,METFORMINA EG,
"",A1C,GLUCOPHAGE,
"",A1C,METFONORM,
"",A1C,METFORMINA AUROBINDO,
"",A1C,METFORMINA AUROBINDO,
"",A1C,METFORMINA ALMUS,
"",A1C,ZUGLIMET,
"",A1D,METFORMINA AUROBINDO,
"",A1D,METFORMINA BLUEFISH,
"",A1D,METFORMINA TEVA,
"",A1D,METFORMINA DOC,
"",A1D,METFORAL,
"",A1D,METFORMINA HEXAL AG,
"",A1D,METFORMINA ALMUS,
"",A1D,METFORMINA PENSA,
"",A1D,METFORMINA DOC GENERICI,
"",A1D,METFORMINA EG STADA GROUP,
"",A1D,METFORMINA MYLAN GENERICS,
"",A1D,METFORMINA AUROBINDO,
"",A1E,METFORMINA HEXAL AG,
"",A1E,METFORMINA AUROBINDO,
"",A1E,METFORMINA TEVA,
"",A1E,METFORMINA DOC GENERICI,
"",A1E,METFORMINA EG STADA GROUP,
"",A1E,METFORMINA MYLAN GENERICS,
"",A1E,METFORMINA PENSA,
"",A1E,METFORMINA AUROBINDO,
"",A1E,METFORAL,
"",A1E,METFORMINA BLUEFISH,
"",A1E,METFORMINA DOC,
"",A3A,PLASIL,
"",A3A,METOCLOPRAMIDE SALF,
"",A4L,AFSLAMET*,
"",A4L,METOTHER*,
"",A4L,METOTREXATO DOC GENERICI*,
"",A4L,REUMAFLEX,
"",A5B,METRONIDAZOLO AUROBINDO,
"",A5B,FLAGYL,
"",A5B,VAGILEN,
"",A7B,FURECIS,
"",A7B,NEOFURADANTIN,
"",A7B,NITROFURANTOINA MYLAN PHARMA,
"",A8A,DERMATRANS,
"",A8A,KERITRINA,
"",A8A,ADESICOR,
"",A8A,NIREDIL,
"",A8A,NITROGLICERINA TEVA,
"",A8A,NITROGLICERINA ZENTIVA,
"",A8A,NITROGLICERINA EG,
"",A8A,ADESITRIN,
"",A8A,MINITRAN,
"",A8A,TRINIPLAS,
"",A8A,DEPONIT,
"",A8A,NITROGLICERINA EUROGENERICI,
"",A8A,NITROGLICERINA SANDOZ,
"",A8A,EPINITRIL,
"",A8A,NITRODERM TTS,
"",A8A,NITROGLICERINA DOC GENERICI,
"",A8A,NIGLINA,
"",A8A,VENITRIN,
"",A8B,DEPONIT,
"",A8B,ADESICOR,
"",A8B,KERITRINA,
"",A8B,NITROGLICERINA DOC GENERICI,
"",A8B,ADESITRIN,
"",A8B,NIREDIL,
"",A8B,TRINIPLAS,
"",A8B,NIGLINA,
"",A8B,DERMATRANS,
"",A8B,NITROGLICERINA TEVA,
"",A8B,NITROGLICERINA EUROGENERICI,
"",A8B,NITRODERM TTS,
"",A8B,NITROGLICERINA SANDOZ,
"",A8B,NITROGLICERINA ZENTIVA,
"",A8B,VENITRIN,
"",A8B,MINITRAN,
"",A8B,EPINITRIL,
"",A8C,MINITRAN,
"",A8C,NITROGLICERINA SANDOZ,
"",A8C,NITRODERM TTS,
"",A8C,NITROGLICERINA TEVA,
"",A8C,ADESICOR,
"",A8C,NIREDIL,
"",A8C,NIGLINA,
"",A8C,KERITRINA,
"",A8C,NITROGLICERINA ZENTIVA,
"",A8C,NITROGLICERINA EUROGENERICI,
"",A8C,TRINIPLAS,
"",A8C,DERMATRANS,
"",A8C,NITROGLICERINA DOC GENERICI,
"",A8C,NITROGLICERINA EG,
"",A8C,VENITRIN,
"",A8C,EPINITRIL,
"",A9B,NORFLOXACINA EG,
"",A9B,NORFLOXACINA SANDOZ,
"",A9B,NORFLOXACINA ABC,
"",ABA,RYTMONORM,
"",ABA,PROPAFENONE ACCORD,
"",ABA,PROPAFENONE EG,
"",ABA,PROPAFENONE PENSA,
"",ABA,PROPAFENONE DOC GENERICI,
"",ABA,PROPAFENONE,
"",ABB,RYTMONORM,
"",ABB,PROPAFENONE PENSA,
"",ABB,PROPAFENONE EG,
"",ABB,PROPAFENONE ACCORD,
"",ABB,PROPAFENONE DOC GENERICI,
"",AEB,BRONCOVALEAS,
"",AEB,SALBUTAMOLO SANDOZ,
"",AEB,VENTOLIN,
"",AFA,SODIO CLORURO MONICO,
"",AFA,SODIO CLORURO GALENICA SENESE,
"",AFB,SODIO CLORURO GALENICA SENESE,
"",AFB,SODIO CLORURO MONICO,
"",AFC,SODIO CLORURO GALENICA SENESE,
"",AFC,SODIO CLORURO MONICO,
"",AFE,SODIO CLORURO SALF,
"",AFE,SODIO CLORURO GALENICA SENESE,
"",AFE,SODIO CLORURO DIACO,
"",AFE,SODIO CLORURO MONICO,
"",AFE,SODIO CLORURO BAXTER,
"",AFE,SODIO CLORURO B.BRAUN,
"",AFE,SODIO CLORURO FRESENIUS KABI ITALIA,
"",AFE,SODIO CLORURO EUROSPITAL,
"",AFE,SODIO CLORURO BIOINDUSTRIA L.I.M.,
"",AFF,SODIO CLORURO FRESENIUS KABI ITALIA,
"",AFF,SODIO CLORURO GALENICA SENESE,
"",AFF,SODIO CLORURO EUROSPITAL,
"",AFF,SODIO CLORURO B.BRAUN,
"",AFF,SODIO CLORURO MONICO,
"",AFF,SODIO CLORURO DIACO,
"",AFF,SODIO CLORURO BIOINDUSTRIA L.I.M.,
"",AFF,SODIO CLORURO BAXTER,
"",AFF,SODIO CLORURO SALF,
"",AHB,DEGASTRIL,
"",AHB,ANTEPSIN,
"",AHB,SUCRALFIN,
"",AHB,SUCRAMAL,
"",AHC,SUCRALFATO DOC GENERICI,
"",AHC,ANTEPSIN,
"",AHC,SUCRAMAL,
"",AHC,SUCRALFATO ARISTO,
"",AHC,SUCRALFIN,
"",AHC,SUCRATE,
"",AHC,DEGASTRIL,
"",AJA,NOLVADEX,
"",AJA,TAMOXIFENE EG,
"",AJA,NOMAFEN,
"",AJA,TAMOXENE,
"",AJB,TAMOXENE,
"",AJB,NOLVADEX,
"",AJB,TAMOXIFENE EG,
"",AJB,NOMAFEN,
"",AJB,TAMOXIFENE RATIOPHARM,
"",AJB,SERTAM,
"",ANA,NEBICINA,
"",ANA,TOBRAMICINA IBI,
"",ANB,NEBICINA,
"",ANB,TOBRAMICINA IBI,
"",AQA,EUROCAL D3,
"",AQA,CALCIO CARBONATO+VITAMINA D3 PENSA,
"",AQA,CALCIO CARBONATO VITAMINA D3,
"",AQA,CALCIUM D3 SANDOZ,
"",AQA,CALCIO CARBONATO+VITAMINA D3,
"",AQA,CADTRE,
"",AQA,DITROST,
"",AQA,CALCIO CARBONATO+VITAMINA D3 ALMUS,
"",AQA,CALCIO CARBONATO+VITAMINA D3,
"",AQA,CALCIO CARBONATO E VITAMINA D3 AUROBINDO,
"",AQA,BIOCALCIUM D3,
"",AQA,CACIT VITAMINA D3,
"",AQA,CALCIO CARBONATO E VITAMINA D3 DOC GENERICI,
"",AQC,OROTRE,
"",AQC,IDEOS,
"",AQD,NATECAL D3,
"",AQD,TONACAL D3,
"",AQD,METOCAL VITAMINA D3,
"",AQD,NATECAL D3,
"",AQZ,OSTEOFOS D3,
"",AQZ,FOSCAL D3,
"",AQZ,CALPLUS D3,
"",ARA,LOSFERRON,
"",ARA,PRONTOFERRO,
"",ARA,FERROGYN,
"",ARA,FERRO COMPLEX,
"",ARA,GLOROS,
"",ARA,CROMATONFERRO,
"",ARA,FERRO GLUCONATO EG,
"",ARI,INSPRA,
"",ARI,EPLERENONE TECNIGEN,
"",ARI,EPLERENONE ACCORD,
"",ARI,EPLERENONE MYLAN,
"",ARI,EPLERENONE DOC GENERICI,
"",ARI,EPLERENONE KRKA,
"",ASA,CEFOTAXIME MYLAN GENERICS,
"",ASA,CEFOTAXIMA ABC,
"",ASA,CEFOTAXIMA TEVA,
"",ASA,TAXIME,
"",ASA,ZARIVIZ,
"",ASA,CEFOTAXIMA TEVA,
"",ASA,TAXIME,
"",ASA,BATIXIM,
"",ASA,CEFOTAXIMA EG,
"",ASA,CEFOTAXIME MYLAN GENERICS,
"",ASA,CEFOTAXIME IBI,
"",ASA,CEFOTAXIME IBI,
"",ASA,BATIXIM,
"",ASA,ZARIVIZ,
"",ASA,ZIMANEL,
"",ASA,SPECTROCEF,
"",AUA,CHETOFEN,
"",AUA,ZADITEN,
"",AUA,CHETOTIFENE MYLAN GENERICS,
"",AVA,CALCITRIOLO EG,
"",AVA,ROCALTROL,
"",AVA,CALCITRIOLO TEVA,
"",AVA,CALCITRIOLO MYLAN GENERICS,
"",AVA,CALCITRIOLO DOC GENERICI,
"",AVA,CALCITRIOLO EG,
"",AVB,CALCITRIOLO EG,
"",AVB,CALCITRIOLO TEVA,
"",AVB,CALCITRIOLO MYLAN GENERICS,
"",AVB,CALCITRIOLO DOC GENERICI,
"",AVB,ROCALTROL,
"",AVB,CALCITRIOLO EG,
"",AWA,SPIRAMICINA MYLAN GENERICS,
"",AWA,ROVAMICINA,
"",AXB,DAPAROX,
"",AXB,PAROXETINA MYLAN GENERICS,
"",AXB,SEREUPIN,
"",AXB,PAROXETINA SUN,
"",AXB,PAROXETINA AUROBINDO,
"",AXB,PAROXETINA PENSA,
"",AXB,PAROXETINA DOC GENERICI,
"",AXB,PAROXETINA RATIOPHARM,
"",AXB,PAROXETINA ALMUS,
"",AXB,PAROXETINA HEXAL,
"",AXB,SEROXAT,
"",AXB,EUTIMIL,
"",AXB,PAROXETINA ZENTIVA,
"",AXB,PAROXETINA EG,
"",AXE,DAPAROX,
"",AXE,DAPAGUT,
"",AXE,DAPAROX,
"",AXE,DAPAROX,
"",AYA,UROFLUS,
"",AYA,TERAZOSINA DOC GENERICI,
"",AYA,TERAPROST,
"",AYA,PROSTATIL,
"",AYA,URODIE,
"",AYA,TERAZOSINA HEXAL,
"",AYA,TERAZOSINA ZENTIVA,
"",AYA,UNOPROST,
"",AYB,TERAZOSINA HEXAL,
"",AYB,PROSTATIL,
"",AYB,UNOPROST,
"",AYB,TERAFLUSS,
"",AYB,TERAZOSINA TEVA,
"",AYB,URODIE,
"",AYB,ITRIN,
"",AYB,TERAZOSINA ZENTIVA,
"",AYB,UROFLUS,
"",AYB,TERAZOSINA DOC GENERICI,
"",AYB,TERAPROST,
"",AYC,TERAZOSINA DOC GENERICI,
"",AYC,ITRIN,
"",AYC,TERAZOSINA TEVA,
"",AYC,TERAFLUSS,
"",AYD,TERAZOSINA DOC GENERICI,
"",AYD,TERAFLUSS,
"",AZA,CLOZAPINA TEVA,
"",AZA,CLOZAPINA ACCORD,
"",AZA,CLOZAPINA DOC GENERICI,
"",AZA,CLOZAPINA HEXAL,
"",AZA,CLOZAPINA CHIESI,
"",AZA,LEPONEX,
"",AZA,CLOZAPINA AUROBINDO,
"",AZB,CLOZAPINA DOC GENERICI,
"",AZB,CLOZAPINA TEVA,
"",AZB,CLOZAPINA AUROBINDO,
"",AZB,CLOZAPINA HEXAL,
"",AZB,CLOZAPINA CHIESI,
"",AZB,LEPONEX,
"",AZB,CLOZAPINA ACCORD,
"",B0A,POTASSIO CANRENOATO EG,
"",B0A,POTASSIO CANRENOATO SANDOZ,
"",B0A,POTASSIO CANRENOATO PENSA,
"",B0A,DIUREK,
"",B0A,KANRENOL,
"",B5A,KAFENAC,
"",B5A,AIRTAL,
"",B5A,GLADIO,
"",B5B,GLADIO,
"",B5B,KAFENAC,
"",B5B,AIRTAL,
"",B5B,ACECLOFENAC EG,
"",B5B,ACECLOFENAC ACCORD,
"",B7A,CITALOPRAM SUN PHARMA,
"",B7A,CITALOPRAM ZENTIVA,
"",B7A,CITALOPRAM AUROBINDO,
"",B7A,CITALOPRAM SANDOZ GMBH,
"",B7A,CITALOPRAM RATIOPHARM ITALIA,
"",B7A,PERCITALE,
"",B7A,SINTOPRAM,
"",B7A,CITALOPRAM ABC,
"",B7A,ELOPRAM,
"",B7A,SEROPRAM,
"",B7A,CITALOPRAM PENSA PHARMA,
"",B7A,CITALOPRAM DOC,
"",B7A,CITALOPRAM ALMUS PHARMA,
"",B7A,KAIDOR,
"",B7A,CITALOPRAM MYLAN GENERICS ITALIA,
"",B7A,CITALOPRAM EG STADA,
"",B7A,CITALOPRAM TECNIGEN,
"",B7A,RETURN,
"",B7A,RICAP,
"",B7A,CITALOPRAM HEXAL AG,
"",B7C,CITALOPRAM HEXAL,
"",B7C,CITALOPRAM TECNIGEN,
"",B7C,CITALOPRAM SUN,
"",B7C,CITALOPRAM,
"",B7C,CITALOPRAM SANDOZ BV,
"",B7C,CITALOPRAM RATIOPHARM,
"",B7C,CITALOPRAM DOC GENERICI,
"",B7C,CITALOPRAM MYLAN GENERICS,
"",B7C,ELOPRAM,
"",B7C,CITALOPRAM PENSA,
"",B7C,SEROPRAM,
"",B7C,CITALOPRAM EG,
"",B7D,CITALOPRAM ALMUS,
"",B7D,CITALOPRAM MYLAN GENERICS,
"",B7D,CITALOPRAM HEXAL,
"",B7D,CITALOPRAM SANDOZ BV,
"",B7D,FRIMAIND,
"",B7D,CITALOPRAM DOC GENERICI,
"",B7D,CITALOPRAM EG,
"",B7D,CITALOPRAM RATIOPHARM,
"",B7D,CITALOPRAM ZENTIVA,
"",B7D,ELOPRAM,
"",B7D,CITALOPRAM SUN,
"",B7D,CITALOPRAM,
"",B7D,CITALOPRAM TECNIGEN,
"",B7D,RICAP,
"",B7D,CITALOPRAM AUROBINDO ITALIA,
"",B7D,CITALOPRAM PENSA,
"",B7D,SEROPRAM,
"",B7D,CITALOPRAM ABC,
"",BAA,NAPRILENE,
"",BAA,NAPRILENE,
"",BAA,NAPRILENE,
"",BAA,ENALAPRIL SUN,
"",BAA,NAPRILENE,
"",BAA,ENALAPRIL PENSA,
"",BAA,NAPRILENE,
"",BAA,ENALAPRIL EG,
"",BAA,ENAPREN,
"",BAA,ENALAPRIL ZENTIVA,
"",BAA,ENALAPRIL DOC,
"",BAA,ENALAPRIL EG STADA,
"",BAA,ENALAPRIL ALMUS,
"",BAA,ENALAPRIL SANDOZ,
"",BAA,ENALAPRIL GIT,
"",BAA,NAPRILENE,
"",BAA,NAPRILENE,
"",BAA,CONVERTEN,
"",BAA,LANEX,
"",BAA,ENALAPRIL MYLAN GENERICS,
"",BAA,ENALAPRIL TEVA ITALIA,
"",BAA,ENALAPRIL AUROBINDO PHARMA ITALIA,
"",BAB,LANEX,
"",BAB,ENALAPRIL TEVA ITALIA,
"",BAB,NAPRILENE,
"",BAB,ENALAPRIL AUROBINDO PHARMA ITALIA,
"",BAB,CONVERTEN,
"",BAB,ENALAPRIL EG,
"",BAB,ENALAPRIL DOC,
"",BAB,ENALAPRIL SUN,
"",BAB,ENALAPRIL SANDOZ,
"",BAB,ENALAPRIL ZENTIVA,
"",BAB,NAPRILENE,
"",BAB,ENALAPRIL MYLAN GENERICS,
"",BAB,ENAPREN,
"",BAB,ENALAPRIL ALMUS,
"",BAB,ENALAPRIL PENSA,
"",BAB,ENALAPRIL GIT,
"",BDA,FENOFIBRATO ZENTIVA,
"",BDA,FULCRO,
"",BDA,FENOFIBRATO SANDOZ,
"",BDA,LIPSIN,
"",BDB,FENOFIBRATO DOC GENERICI,
"",BDB,FENOFIBRATO EG,
"",BDB,FULCROSUPRA,
"",BDB,LIPERIAL,
"",BEA,FINASTERIDE PENSA,
"",BEA,FINASTERIDE TEVA ITALIA,
"",BEA,NAFIPROSIL,
"",BEA,FINASTERIDE ALMUS,
"",BEA,RIDESTIN,
"",BEA,FINASTERIDE SUN,
"",BEA,TERIP,
"",BEA,SITAS,
"",BEA,FINESTAR,
"",BEA,STECUR,
"",BEA,FINEDOR,
"",BEA,PROSTIDE,
"",BEA,FINASTERIDE MYLAN ITALIA,
"",BEA,FINASTERIDE AUROBINDO,
"",BEA,ASTERID,
"",BEA,ORMICTON,
"",BEA,FINASTERIDE ALTER,
"",BEA,GENAPROST,
"",BEA,FINASTERIDE EG,
"",BEA,FINASTERIDE ABC,
"",BEA,FINASTERIDE TECNIGEN,
"",BEA,FINASTERIDE ZENTIVA,
"",BEA,FINASTERIDE IPSO PHARMA,
"",BEA,FINASTID,
"",BEA,FINASTERIDE SANDOZ,
"",BEA,FINASTERIDE AHCL,
"",BEA,PROSCAR,
"",BEA,FINASTERIDE DOC,
"",BFA,MAVERAL,
"",BFA,DUMIROX,
"",BFA,FEVARIN,
"",BFA,FLUVOXAMINA EG,
"",BFB,FEVARIN,
"",BFB,FLUVOXAMINA EG,
"",BFB,DUMIROX,
"",BFB,MAVERAL,
"",BHA,NASVICAL,
"",BHA,KETOROLAC DOC GENERICI,
"",BHA,KETOROLAC EG,
"",BHA,KETOROLAC AUROBINDO,
"",BHA,TORADOL,
"",BHA,LIXIDOL,
"",BHA,KETOROLAC PENSA,
"",BHA,KEVINDOL,
"",BHA,KETOROLAC ACCORD,
"",BHA,KETOROLAC ABC,
"",BHA,KETOROLAC MYLAN,
"",BHA,EUMAT,
"",BHA,BENKETOL,
"",BJA,WROM,
"",BJA,CARNITENE,
"",BJA,CARREFLOR,
"",BKA,LEVOTIROXINA TEVA,
"",BKA,EUTIROX,
"",BKA,LEVOTIROXINA ARISTO,
"",BKB,LEVOTIROXINA ARISTO,
"",BKB,EUTIROX,
"",BKB,LEVOTIROXINA TEVA,
"",BKC,LEVOTIROXINA ARISTO,
"",BKC,EUTIROX,
"",BKC,LEVOTIROXINA TEVA,
"",BKD,EUTIROX,
"",BKD,LEVOTIROXINA TEVA,
"",BKE,EUTIROX,
"",BKE,LEVOTIROXINA TEVA,
"",BKF,EUTIROX,
"",BKF,LEVOTIROXINA TEVA,
"",BKG,EUTIROX,
"",BKG,LEVOTIROXINA TEVA,
"",BKH,LEVOTIROXINA TEVA,
"",BKH,LEVOTIROXINA ARISTO,
"",BKH,EUTIROX,
"",BMA,RIOPAN,
"",BMA,GADRAL,
"",BMB,MAGALTOP,
"",BMB,GADRAL,
"",BMB,MAGALTOP,
"",BMB,RIOPAN,
"",BMB,GADRAL,
"",BMB,RIOPAN,
"",BQV,SILDENAFIL GIT,
"",BQV,SILDENAFIL ACCORD,
"",BQV,SILDENAFIL TEVA,
"",BQV,SILDENAFIL MYLAN,
"",BQV,SILDENAFIL ZENTIVA,
"",BQV,SILDENAFIL ARISTO PHARMA,
"",BQV,RABESTROM,
"",BQV,SILER,
"",BQV,SILDENAFIL AUROBINDO,
"",BRH,ANAGRELIDE SANDOZ,
"",BRH,XAGRID,
"",BRH,ANAGRELIDE MYLAN,
"",BRH,ANAGRELIDE TEVA,
"",BRH,ANAGRELIDE ACCORD,
"",BRH,ANAGRELIDE AUROBINDO,
"",BRI,CAPECITABINA MEDAC,
"",BRI,XELODA,
"",BRI,CAPECITABINA ZENTIVA,
"",BRI,CAPECITABINA ACCORD,
"",BRI,CAPECITABINA MYLAN,
"",BRJ,CAPECITABINA MEDAC,
"",BRJ,XELODA,
"",BRJ,CAPECITABINA MYLAN,
"",BRJ,CAPECITABINA ACCORD,
"",BRP,UCEDANE,
"",BRP,CARBAGLU,
"",BRP,ACIDO CARGLUMICO WAYMADE*,
"",BRS,ENTECAVIR MYLAN,
"",BRS,ENTECAVIR ACCORD,
"",BRS,ENTECAVIR SUN,
"",BRS,ENTECAVIR DOC,
"",BRS,ENTECAVIR AUROBINDO,
"",BRS,BARACLUDE,
"",BRS,ENTECAVIR TEVA,
"",BRS,ENTECAVIR DR REDDY'S,
"",BRS,ENTECAVIR KABI,
"",BRS,ENTECAVIR SANDOZ,
"",BRS,ENTECAVIR ARISTO,
"",BRT,ENTECAVIR TEVA,
"",BRT,ENTECAVIR AUROBINDO,
"",BRT,BARACLUDE,
"",BRT,ENTECAVIR ARISTO,
"",BRT,ENTECAVIR DOC,
"",BRT,ENTECAVIR MYLAN,
"",BRT,ENTECAVIR ACCORD,
"",BRT,ENTECAVIR KABI,
"",BRT,ENTECAVIR SUN,
"",BRT,ENTECAVIR DR REDDY'S,
"",BRT,ENTECAVIR SANDOZ,
"",BRZ,IMATINIB DR. REDDY'S,
"",BRZ,IMATINIB SUN,
"",BRZ,IMATINIB SANDOZ,
"",BRZ,IMATINIB SANDOZ,
"",BRZ,IMANIVEC,
"",BRZ,IMATINIB ACCORD,
"",BRZ,IMATINIB REDDY,
"",BRZ,GLIVEC,
"",BRZ,IMATINIB TEVA,
"",BSD,LINEZOLID TEVA,
"",BSD,LINEZOLID KRKA D.D.,
"",BSD,LINEZOLID MYLAN PHARMA,
"",BSD,LINEZOLID AUROBINDO ITALIA,
"",BSD,ZYVOXID,
"",BSI,POSACONAZOLO EG,
"",BSI,POSACONAZOLO MYLAN,
"",BSI,NOXAFIL,
"",BSI,POSACONAZOLO AHCL,
"",BSI,POSACONAZOLO TILLOMED,
"",BSK,BALCOGA,
"",BSK,GRANPIDAM,
"",BSK,SILDENAFIL DR. REDDY'S,
"",BSK,GRANPIDAM,
"",BSK,REVATIO,
"",BSK,SILDENAFIL AUROBINDO ITALIA,
"",BSK,SILDENAFIL TEVA ITALIA,
"",BSK,MYSILDECARD,
"",BSR,VINORELBINA DOC,
"",BSR,NAVELBINE,
"",BSS,NAVELBINE,
"",BSS,VINORELBINA DOC,
"",BST,VORICONAZOLO TEVA,
"",BST,VORICONAZOLO ARISTO,
"",BST,VORICONAZOLO ACCORD,
"",BST,VORICONAZOLO MYLAN,
"",BST,VFEND,
"",BSU,VFEND,
"",BSU,VORICONAZOLO ACCORD,
"",BSU,VORICONAZOLO MYLAN,
"",BSU,VORICONAZOLO AUROBINDO,
"",BSU,VORICONAZOLO SANDOZ,
"",BSU,VORICONAZOLO TEVA,
"",BSU,VORICONAZOLO ARISTO,
"",BVA,SUMATRIPTAN SUN,
"",BVA,IMIGRAN,
"",BVB,SUMATRIPTAN MYLAN,
"",BVB,IMIGRAN,
"",BVB,SUMATRIPTAN ACCORD,
"",BVB,SUMATRIPTAN SANDOZ,
"",BVB,SUMATRIPTAN DOC GENERICI,
"",BVB,SUMATRIPTAN AUROBINDO ITALIA,
"",BVB,SUMATRIPTAN EG,
"",BVB,SUMATRIPTAN TEVA,
"",BVB,SUMATRIPTAN ZENTIVA,
"",BVC,SUMATRIPTAN EG,
"",BVC,SUMATRIPTAN ACCORD,
"",BVC,SUMATRIPTAN AUROBINDO ITALIA,
"",BVC,SUMATRIPTAN MYLAN,
"",BVC,SUMATRIPTAN SANDOZ,
"",BVC,SUMATRIPTAN ZENTIVA,
"",BVC,IMIGRAN,
"",BVC,SUMATRIPTAN DOC GENERICI,
"",BVC,SUMATRIPTAN TEVA,
"",BZA,PRONTALGIN,
"",BZA,PRONTALGIN,
"",BZA,TRAFLASH,
"",BZA,FORTRADOL,
"",BZA,TRAMADOLO HEXAL,
"",BZA,CONTRAMAL,
"",BZD,TRAMADOLO HEXAL,
"",BZD,CONTRAMAL,
"",BZD,FORTRADOL,
"",BZD,TRADOGUT,
"",BZD,TRAMADOLO EG,
"",BZD,TRAMADOLO ABC,
"",BZE,TRALODIE,
"",BZE,FORTRADOL,
"",BZE,TRAMADOLO HCL SANDOZ,
"",BZE,TRAMALIN,
"",BZE,CONTRAMAL,
"",BZF,TRALODIE,
"",BZF,CONTRAMAL,
"",BZF,FORTRADOL,
"",BZH,CONTRAMAL,
"",BZH,TRALODIE,
"",BZH,FORTRADOL,
"",BZM,TRADONAL,
"",BZM,TRAMALIN,
"",C0B,PANTOXON,
"",C0B,CEFTRIAXONE DOC GENERICI,
"",C0B,FIDATO,
"",C0B,CEFTRIAXONE MYLAN GENERICS,
"",C0C,FRINEG,
"",C0C,SIRTAP,
"",C0C,DIAXONE,
"",C0C,CEFTRIAXONE ACCORD,
"",C0C,CEFTRIAXONE PENSA,
"",C0C,RAGEX,
"",C0C,PANATRIX,
"",C0C,EFTRY,
"",C0C,SETRIOX,
"",C0C,CARITEX,
"",C0C,CEFTRIAXONE ALTER,
"",C0C,NILSON,
"",C0C,CEFTRIAXONE HEXAL,
"",C0C,KOCEFAN,
"",C0C,CEFRAG,
"",C0C,DAVIXON,
"",C0C,CEFTRIAXONE SANDOZ,
"",C0C,CEFTRIAXONE RATIOPHARM,
"",C0C,CEFTRIAXONE TECNIGEN,
"",C0C,CEFTRIAXONE SUN,
"",C0C,CEFTRIAXONE ALMUS,
"",C0C,ERAXITRON,
"",C0C,DAYTRIX,
"",C0C,CEFTRIAXONE BIOPHARMA,
"",C0C,CEFTRIAXONE AUROBINDO,
"",C0C,CEFTRIAXONE GIT,
"",C0C,CEFTRIAXONE ZENTIVA,
"",C0C,ROCEFIN,
"",C0C,CEFTRIAXONE DOC GENERICI,
"",C0C,BIXON,
"",C0C,CEFTRIAXONE ARISTO,
"",C0C,CEFTRIAXONE MYLAN GENERICS,
"",C0C,POKECEF,
"",C0C,CLAXON,
"",C0C,CEFTRIAXONE PHARMACARE,
"",C0C,PANTOXON,
"",C0C,AXOBAT,
"",C0C,VALEXIME,
"",C0C,CEFTRIAXONE EG,
"",C0C,CEFTAGES,
"",C0C,FIDATO,
"",C0C,CEFTRIAXONE ABC,
"",C1A,GABAPENTIN ABC,
"",C1A,GABAPENTIN TEVA PHARMA,
"",C1A,GABAPENTIN HEXAL A/S,
"",C1A,GABAPENTIN AUROBINDO,
"",C1A,GABAPENTIN MYLAN GENERICS,
"",C1A,GABANEX,
"",C1A,GABAPENTIN DOC GENERICI,
"",C1A,GABAPENTIN PENSA,
"",C1A,GABAPENTIN TECNIGEN,
"",C1A,GABAPENTIN ALMUS,
"",C1A,GABAPENTIN ALTER,
"",C1A,NEURONTIN,
"",C1A,GABAPENTIN SANDOZ GMBH,
"",C1A,NEURONTIN,
"",C1A,GABAPENTIN EG,
"",C1A,GABAPENTIN SUN,
"",C1A,GABAPENTIN ZENTIVA,
"",C1B,GABAPENTIN TECNIGEN,
"",C1B,GABANEX,
"",C1B,NEURONTIN,
"",C1B,GABAPENTIN HEXAL A/S,
"",C1B,GABAPENTIN DOC GENERICI,
"",C1B,GABAPENTIN TEVA PHARMA,
"",C1B,GABAPENTIN ALMUS,
"",C1B,GABAPENTIN SUN,
"",C1B,GABAPENTIN EG,
"",C1B,GABAPENTIN SANDOZ GMBH,
"",C1B,GABAPENTIN PENSA,
"",C1B,GABAPENTIN ABC,
"",C1B,GABAPENTIN ZENTIVA,
"",C1B,GABAPENTIN MYLAN GENERICS,
"",C1B,GABAPENTIN AUROBINDO,
"",C1C,GABAPENTIN SANDOZ GMBH,
"",C1C,GABAPENTIN DOC GENERICI,
"",C1C,GABAPENTIN TEVA PHARMA,
"",C1C,GABAPENTIN MYLAN GENERICS,
"",C1C,NEURONTIN,
"",C1C,GABAPENTIN ZENTIVA,
"",C1C,NEURONTIN,
"",C1C,GABAPENTIN HEXAL A/S,
"",C1C,GABAPENTIN SUN,
"",C1C,GABAPENTIN PENSA,
"",C1C,GABAPENTIN ABC,
"",C1C,GABAPENTIN EG,
"",C1C,GABAPENTIN TECNIGEN,
"",C1C,GABAPENTIN ALTER,
"",C1C,GABAPENTIN AUROBINDO,
"",C1C,GABAPENTIN ALMUS,
"",C1C,GABANEX,
"",C2A,OMERIA,
"",C2A,DILATREND,
"",C2A,CARVEDILOLO ALMUS,
"",C2A,CARVEDILOLO ALTER,
"",C2A,LOCARD,
"",C2A,CARVEDILOLO DOC GENERICI,
"",C2A,CARVEDILOLO SUN,
"",C2A,CURCIX,
"",C2A,CARAVEL,
"",C2A,CARVEDILOLO ZENTIVA,
"",C2A,CARVEDILOLO HEXAL,
"",C2A,CARVEDILOLO RATIOPHARM,
"",C2A,CARVEDILOLO EG,
"",C2A,CARVEDILOLO AUROBINDO,
"",C2A,CARVEDILOLO ACCORD,
"",C2A,CARVEDILOLO TECNIGEN,
"",C2A,CARVEDILOLO SANDOZ,
"",C2A,TRAKOR,
"",C2A,COLVER,
"",C2A,CARVEDILOLO MYLAN GENERICS,
"",C2A,CARVEDILOLO PENSA,
"",C2B,CURCIX,
"",C2B,DILATREND,
"",C2B,CARAVEL,
"",C2B,CARVEDILOLO SUN,
"",C2B,CARVEDILOLO SANDOZ,
"",C2B,CARVEDILOLO EG,
"",C2B,OMERIA,
"",C2B,LOCARD,
"",C2B,TRAKOR,
"",C2B,CARVEDILOLO TECNIGEN,
"",C2B,DILATREND,
"",C2B,CARVEDILOLO MYLAN GENERICS,
"",C2B,CARVEDILOLO PENSA,
"",C2B,CARVEDILOLO ZENTIVA,
"",C2B,DILATREND,
"",C2B,CARVEDILOLO HEXAL,
"",C2B,CARVIPRESS,
"",C2B,DILATREND,
"",C2B,CARVEDILOLO ALMUS,
"",C2B,DILATREND,
"",C2B,CARVEDILOLO AUROBINDO,
"",C2B,CARVEDILOLO ALTER,
"",C2B,COLVER,
"",C2B,CARVEDILOLO DOC GENERICI,
"",C2B,CARVEDILOLO RATIOPHARM,
"",C3A,ISDIBEN,
"",C3A,NOIDAK,
"",C3A,ISODIFA,
"",C3A,ISOTRETINOINA DIFA COOPER,
"",C3A,ISORIAC,
"",C3A,AISOSKIN,
"",C3B,ISDIBEN,
"",C3B,NOIDAK,
"",C3B,ISODIFA,
"",C3B,ISOTRETINOINA DIFA COOPER,
"",C3B,ISORIAC,
"",C3B,AISOSKIN,
"",C4A,PULMAXAN,
"",C4A,BUDESONIDE VIATRIS,
"",C4B,AIRCORT,
"",C4B,ELTAIRNEB,
"",C4B,BUDEXAN,
"",C4B,BUDESONIDE TEVA,
"",C4B,BUDINEB,
"",C4B,BODINET,
"",C4B,PULMAXAN,
"",C4B,BUDESONIDE SANDOZ,
"",C4B,BODIX,
"",C4C,PULMAXAN,
"",C4C,BUDEXAN,
"",C4C,BUDINEB,
"",C4C,BUDESONIDE SANDOZ,
"",C4C,BUDESONIDE TEVA,
"",C4C,BODIX,
"",C4C,ELTAIRNEB,
"",C4C,AIRCORT,
"",C4C,BODINET,
"",C4D,BUDESONIDE VIATRIS,
"",C4D,PULMAXAN,
"",C5A,MEGESTIL,
"",C5A,MEGEXIA,
"",C5A,GESTROLTEX,
"",C5A,MEGACE,
"",C6A,DIURESIX,
"",C6A,TORASEMIDE HEXAL,
"",C6A,DIURETOR,
"",C6A,TORASEMIDE MYLAN GENERICS,
"",C6A,TORADIUR,
"",C6A,TORASEMIDE TEVA ITALIA,
"",C6A,DIUREMID,
"",C7A,STARCEF,
"",C7A,TAZIDIF,
"",C7A,CEFTAZIDIMA EG STADA,
"",C7A,GLAZIDIM,
"",C7A,TOTTIZIM,
"",C7A,LIOTIXIL,
"",C7A,CEFTAZIDIMA DOC,
"",C7A,DELTAZIME,
"",C7A,FRIBAT,
"",C7A,CEFTAZIDIMA PENSA,
"",C7A,CEFTAZIDIMA KABI,
"",C7A,ETAZIM,
"",C7A,CEFTAZIDIMA ASTRO-PHARMA,
"",C7A,CEFTAZIDIMA ALMUS,
"",C7A,CEFTAZIDIMA MYLAN GENERICS,
"",C7A,CEFTAZIDIMA SANDOZ,
"",C7B,GLAZIDIM,
"",C7B,STARCEF,
"",C8B,MIRTAZAPINA EG STADA,
"",C8B,MIRTAZAPINA DOC,
"",C8B,MIRTAZAPINA KRKA,
"",C8B,MIRTAZAPINA EG STADA,
"",C8B,MIRTAZAPINA MYLAN GENERICS ITALIA,
"",C8B,REMERON,
"",C8B,MIRTAZAPINA ALTER,
"",C8B,MIRTAZAPINA MYLAN GENERICS,
"",C8B,MIRTAZAPINA SANDOZ,
"",C8B,MIRTAZAPINA AUROBINDO,
"",C8B,BLUMIRTAX,
"",C8B,MIRTAZAPINA ALMUS,
"",C8B,MIRTAZAPINA EG,
"",C8B,MIRTAZAPINA ZENTIVA,
"",C8B,MIRTAZAPINA SANDOZ GMBH,
"",C8B,MIRTAZAPINA DOC GENERICI,
"",C8B,MIRTAZAPINA TEVA ITALIA,
"",C9A,OXIBUTININA EG,
"",C9A,OSSIBUTININA CLORIDRATO MYLAN GENERICS,
"",CAE,TRANEX,
"",CAE,UGUROL,
"",CAE,ACIDO TRANEXAMICO AUROBINDO,
"",CBA,TRIASPORIN,
"",CBA,ITRACONAZOLO TEVA,
"",CBA,SPORANOX,
"",CBA,ITRACONAZOLO EG,
"",CBA,ITRACONAZOLO MYLAN GENERICS,
"",CBA,ITRACONAZOLO DOC GENERICI,
"",CBA,TRAZER,
"",CBA,ITRACONAZOLO SANDOZ,
"",CDA,LIMPIDEX,
"",CDA,LANSODOR,
"",CDA,LANSOX,
"",CDA,LANSOPRAZOLO UNION HEALTH,
"",CDA,LANSOPRAZOLO MYLAN GENERICS ITALIA,
"",CDA,LANSOPRAZOLO PENSA,
"",CDA,LEVOGENIX,
"",CDA,LANSOX,
"",CDA,LANSOPRAZOLO TEVA ITALIA,
"",CDA,LANSOPRAZOLO SUN,
"",CDA,ERMES,
"",CDA,LANSOPRAZOLO ALTER,
"",CDA,KROVANEG,
"",CDA,LANSOPRAZOLO TECNIGEN ITALIA,
"",CDA,LANSOPRAZOLO FG,
"",CDA,FRILANS,
"",CDA,PERGASTID,
"",CDA,LANSOPRAZOLO SANDOZ BV,
"",CDA,LANSOPRAZOLO EG,
"",CDA,LANSOX,
"",CDA,LANSOPRAZOLO MYLAN GENERICS,
"",CDA,LANSOPRAZOLO ARISTO PHARMA,
"",CDA,LIMPIDEX,
"",CDA,LANSOPRAZOLO PENSA,
"",CDA,LIMPIDEX,
"",CDA,TANZOLAN,
"",CDA,LANSOPRAZOLO ABC,
"",CDA,LANSOPRAZOLO TECNIGEN,
"",CDA,LANSOX,
"",CDA,LANSOPRAZOLO ARISTO,
"",CDA,LANSOX,
"",CDA,LANSOX,
"",CDA,LANSOPRAZOLO LABORATORI ALTER,
"",CDA,LANSOPRAZOLO AUROBINDO,
"",CDA,LANSOPRAZOLO ALMUS,
"",CDA,LANSOPRAZOLO HEXAL,
"",CDA,LANSOX,
"",CDA,LANSOX,
"",CDA,LANSOPRAZOLO DOC,
"",CDA,LANSOPRAZOLO ZENTIVA,
"",CDA,LANSOPRAZOLO GIT,
"",CDA,LANSOPRAZOLO EG STADA,
"",CDA,ZOTON,
"",CDA,LIMPIDEX,
"",CDA,LANSOPRAZOLO DOC GENERICI,
"",CDA,LANSOPRAZOLO KRKA,
"",CDA,LANSOX,
"",CDB,LANSOX,
"",CDB,ZOTON,
"",CDB,LANSOPRAZOLO PENSA,
"",CDB,LANSOPRAZOLO TEVA ITALIA,
"",CDB,LANSOPRAZOLO MYLAN GENERICS,
"",CDB,ERMES,
"",CDB,LIMPIDEX,
"",CDB,LANSOPRAZOLO SANDOZ BV,
"",CDB,LANSOPRAZOLO TEVA ITALIA,
"",CDB,LIMPIDEX,
"",CDB,LANSOPRAZOLO FG,
"",CDB,LANSOPRAZOLO TECNIGEN,
"",CDB,LANSOX,
"",CDB,LANSOPRAZOLO ABC,
"",CDB,LANSOX,
"",CDB,TANZOLAN,
"",CDB,KROVANEG,
"",CDB,LANSOPRAZOLO ZENTIVA,
"",CDB,LANSOPRAZOLO PENSA,
"",CDB,LANSOPRAZOLO TECNIGEN ITALIA,
"",CDB,LANSOPRAZOLO SUN,
"",CDB,LEVOGENIX,
"",CDB,LANSOPRAZOLO ARISTO PHARMA,
"",CDB,LANSOPRAZOLO DOC GENERICI,
"",CDB,LANSOX,
"",CDB,LIMPIDEX,
"",CDB,LANSOPRAZOLO KRKA,
"",CDB,LANSOPRAZOLO ARISTO,
"",CDB,PERGASTID,
"",CDB,LANSOPRAZOLO MYLAN GENERICS ITALIA,
"",CDB,LANSOPRAZOLO SANDOZ GMBH,
"",CDB,LANSOPRAZOLO GIT,
"",CDB,LANSOX,
"",CDB,LANSOX,
"",CDB,LANSOPRAZOLO ALTER,
"",CDB,LANSODOR,
"",CDB,LANSOX,
"",CDB,LANSOPRAZOLO DOC,
"",CDB,LANSOPRAZOLO HEXAL,
"",CDB,LANSOX,
"",CDB,LANSOPRAZOLO EG,
"",CDB,LANSOPRAZOLO AUROBINDO,
"",CDB,FRILANS,
"",CDB,LANSOPRAZOLO LABORATORI ALTER,
"",CDB,LANSOX,
"",CDB,LANSOPRAZOLO EG STADA,
"",CDB,LANSOX,
"",CDB,LANSOPRAZOLO ALMUS,
"",CDB,LIMPIDEX,
"",CDB,LANSOPRAZOLO UNION HEALTH,
"",CEA,TERBINAFINA ALTER,
"",CEA,TERBINAFINA MYLAN GENERICS,
"",CEA,TERBINAFINA HEXAL,
"",CEA,TERBINAFINA EG,
"",CEA,LAMISIL,
"",CEA,TERBINAFINA SANDOZ GMBH,
"",CEA,MICUTAN,
"",CEA,TERBINAFINA DOC GENERICI,
"",CEA,TERBINAFINA TECNIGEN,
"",CEA,TERBINAFINA AUROBINDO PHARMA ITALIA,
"",CGA,SERTRALINA ALMUS,
"",CGA,SERTRALINA DOC GENERICI,
"",CGA,SERTRALINA HEXAL,
"",CGA,SERTRALINA SUN,
"",CGA,SERTRALINA ZENTIVA,
"",CGA,SERTRALINA FG,
"",CGA,SERTRALINA SANDOZ,
"",CGA,SERTRALINA ACCORD,
"",CGA,TATIG,
"",CGA,SERTRALINA TECNIGEN,
"",CGA,SERTRALINA EG STADA,
"",CGA,SERTRALINA ARISTO,
"",CGA,SERTRALINA TEVA PHARMA B.V.,
"",CGA,SERTRALINA MYLAN GENERICS,
"",CGA,SERTRALINA AUROBINDO,
"",CGA,ZOLOFT,
"",CGA,SERTRALINA KRKA,
"",CGA,SERTRALINA ALTER,
"",CGA,SERTRALINA PENSA,
"",CGB,SERTRALINA SANDOZ,
"",CGB,SERTRALINA DOC GENERICI,
"",CGB,SERTRALINA KRKA,
"",CGB,SERTRALINA MYLAN GENERICS,
"",CGB,SERTRALINA PENSA,
"",CGB,SERTRALINA ARISTO,
"",CGB,SERTRALINA EG STADA,
"",CGB,SERTRALINA ACCORD,
"",CGB,ZOLOFT,
"",CGB,SERTRALINA SUN,
"",CGB,SERTRALINA TECNIGEN,
"",CGB,SERTRALINA ZENTIVA,
"",CGB,SERTRALINA ALMUS,
"",CGB,SERTRALINA HEXAL,
"",CGB,SERTRALINA AUROBINDO,
"",CGB,SERTRALINA TEVA PHARMA B.V.,
"",CGB,SERTRALINA ALTER,
"",CGC,TATIG,
"",CGC,SERTRALINA DOC GENERICI,
"",CGC,SERTRALINA TEVA PHARMA B.V.,
"",CGC,SERTRALINA MYLAN GENERICS,
"",CGC,ZOLOFT,
"",CGD,SERTRALINA TEVA PHARMA B.V.,
"",CGD,SERTRALINA SANDOZ,
"",CGD,SERTRALINA DOC GENERICI,
"",CGD,SERTRALINA MYLAN GENERICS,
"",CGD,TATIG,
"",CGD,ZOLOFT,
"",CI0,DOGETIC,
"",CI0,ABSTRAL,
"",CI1,FENROO,
"",CI1,FENTANIL ARISTO,
"",CI1,EFFENTORA,
"",CI4,ABSTRAL,
"",CI4,DOGETIC,
"",CI5,FENROO,
"",CI5,FENTANIL ARISTO,
"",CI5,EFFENTORA,
"",CIA,MATRIFEN,
"",CIA,ALGHEDON,
"",CIA,FENTANIL ZENTIVA,
"",CIA,FENVEL,
"",CIA,FENPATCH,
"",CIA,DUROGESIC,
"",CIA,FENTICER,
"",CIA,FENTALGON,
"",CIA,DURFENTA,
"",CIB,ALGHEDON,
"",CIB,FENVEL,
"",CIB,DURFENTA,
"",CIB,DUROGESIC,
"",CIB,FENTANIL ZENTIVA,
"",CIB,FENPATCH,
"",CIB,FENTALGON,
"",CIB,FENTICER,
"",CIB,MATRIFEN,
"",CIC,FENTANIL ZENTIVA,
"",CIC,FENPATCH,
"",CIC,MATRIFEN,
"",CIC,FENTALGON,
"",CIC,ALGHEDON,
"",CIC,FENTICER,
"",CIC,DUROGESIC,
"",CIC,FENVEL,
"",CIC,DURFENTA,
"",CID,ALGHEDON,
"",CID,FENVEL,
"",CID,FENPATCH,
"",CID,MATRIFEN,
"",CID,FENTICER,
"",CID,FENTALGON,
"",CID,DURFENTA,
"",CID,DUROGESIC,
"",CID,FENTANIL ZENTIVA,
"",CIE,FENPATCH,
"",CIE,MATRIFEN,
"",CIE,DUROGESIC,
"",CIE,ALGHEDON,
"",CIE,DURFENTA,
"",CIF,DOGETIC,
"",CIF,ABSTRAL,
"",CII,FENTANIL ARISTO,
"",CII,FENROO,
"",CII,EFFENTORA,
"",CIM,ABSTRAL,
"",CIM,DOGETIC,
"",CIQ,ABSTRAL,
"",CIQ,DOGETIC,
"",CIU,FENTANIL ARISTO,
"",CIU,EFFENTORA,
"",CIU,FENROO,
"",CIV,ABSTRAL,
"",CIV,DOGETIC,
"",CIW,FENTANIL ARISTO,
"",CIW,FENROO,
"",CIW,EFFENTORA,
"",CJA,AUGMENTIN,
"",CJA,CLAUTERO,
"",CJA,AMOXICILLINA E ACIDO CLAVULANICO TECNIGEN,
"",CJA,AMOXICILLINA E ACIDO CLAVULANICO SANDOZ,
"",CJA,AUGMENTIN,
"",CJA,AMOXICILLINA E ACIDO CLAVULANICO PENSA,
"",CJA,ABBA,
"",CJA,AMOXICILLINA E ACIDO CLAVULANICO ARISTO,
"",CJA,AMOXICILLINA E ACIDO CLAVULANICO ALTER,
"",CJA,AUGMENTIN,
"",CJA,AKLAV,
"",CJA,AMOXICILLINA E ACIDO CLAVULANICO PENSA,
"",CJA,AMOXICILLINA E ACIDO CLAVULANICO AUROBINDO ITALIA,
"",CJA,AUGMENTIN,
"",CJA,AMOXICILLINA E ACIDO CLAVULANICO EG STADA,
"",CJA,AMOXICILLINA E ACIDO CLAVULANICO DOC GENERICI,
"",CJA,ANIVAL,
"",CJA,ANIVAL,
"",CJA,ABBA,
"",CJA,AUGMENTIN,
"",CJA,AUGMENTIN,
"",CJA,AMOXICILLINA E ACIDO CLAVULANICO AUROBINDO,
"",CJA,AMOXICILLINA E ACIDO CLAVULANICO GIT,
"",CJA,AMOXICILLINA E ACIDO CLAVULANICO ABC,
"",CJA,KLAVUX,
"",CJA,HOMER,
"",CJA,ABIOCLAV,
"",CJA,AUGMENTIN,
"",CJA,AMOXICILLINA E ACIDO CLAVULANICO ARISTO,
"",CJA,AUGMENTIN,
"",CJA,NEODUPLAMOX,
"",CJA,HOMER,
"",CJA,AMOXICILLINA E ACIDO CLAVULANICO EG STADA,
"",CJA,AUGMENTIN,
"",CJA,AMOXICILLINA E ACIDO CLAVULANICO KRKA,
"",CJA,MONDEX,
"",CJA,AMOXICILLINA E ACIDO CLAVULANICO DOC GENERICI,
"",CJA,AUGMENTIN,
"",CJA,AUGMENTIN,
"",CJA,MONDEX,
"",CJA,POSMOX,
"",CJA,AMOXICILLINA E ACIDO CLAVULANICO TECNIGEN,
"",CJA,AUGMENTIN,
"",CJA,AMOXICILLINA E ACIDO CLAVULANICO RATIOPHARM ITALIA,
"",CJA,XINAMOD,
"",CJA,ACADIMOX,
"",CJA,CLAVULIN,
"",CJA,AUGMENTIN,
"",CJA,SAROMOX,
"",CJA,AUGMENTIN,
"",CJA,AUGMENTIN,
"",CJA,AMOXICILLINA E ACIDO CLAVULANICO TEVA GENERICS,
"",CJA,AMOCLA,
"",CJA,AUGMENTIN,
"",CJA,CLAVOMED,
"",CJA,KRUXADE,
"",CJA,AUGMENTIN,
"",CJA,AUGMENTIN,
"",CJA,AUGMENTIN,
"",CJA,PURICLAV,
"",CJA,AMOXICILLINA E ACIDO CLAVULANICO ZENTIVA LAB,
"",CJA,AMOXICILLINA E ACIDO CLAVULANICO P-CARE,
"",CJA,STEMOX,
"",CJA,AUGMENTIN,
"",CJA,AMOCLA,
"",CJA,AMOXICILLINA E ACIDO CLAVULANICO TECNIGEN,
"",CJA,AMOXICILLINA E ACIDO CLAVULANICO ZENTIVA ITALIA,
"",CJA,AMOXICILLINA E ACIDO CLAVULANICO BIOPHARMA,
"",CJA,AMOXICILLINA E ACIDO CLAVULANICO MYLAN GENERICS,
"",CJA,AUGMENTIN,
"",CJA,AMOXICILLINA E ACIDO CLAVULANICO MYLAN GENERICS ITALIA,
"",CJA,KLAVUX,
"",CJA,KRUXADE,
"",CJA,NEODUPLAMOX,
"",CJA,AUGMENTIN,
"",CJA,AVEGGIO,
"",CJA,AMOXICILLINA E ACIDO CLAVULANICO ALMUS,
"",CJA,AMOXICILLINA E ACIDO CLAVULANICO SANDOZ GMBH,
"",CJA,AMOXICILLINA E ACIDO CLAVULANICO ALMUS PHARMA,
"",CJA,AUGMENTIN,
"",CJA,AMOXICILLINA E ACIDO CLAVULANICO ALTER,
"",CJA,AUGMENTIN,
"",CJA,AVEGGIO,
"",CJA,AUGMENTIN,
"",CJA,AMOXICILLINA E ACIDO CLAVULANICO BIOPHARMA,
"",CJA,AMOXICILLINA E ACIDO CLAVULANICO ALMUS,
"",CJA,AMOXICILLINA E ACIDO CLAVULANICO SUN,
"",CJA,CLAVULIN,
"",CJA,AMOXICILLINA E ACIDO CLAVULANICO TECNIGEN,
"",CJA,AUGMENTIN,
"",CJA,AUGMENTIN,
"",CJB,AMOXICILLINA E ACIDO CLAVULANICO TEVA GROUP,
"",CJB,AUGMENTIN,
"",CJB,CLAVULIN,
"",CJB,AMOXICILLINA E ACIDO CLAVULANICO EG STADA,
"",CJB,AMOXICILLINA E ACIDO CLAVULANICO SANDOZ,
"",CJB,AUGMENTIN,
"",CJB,NEODUPLAMOX,
"",CJC,AUGMENTIN,
"",CJC,AUGMENTIN,
"",CJC,AMOXICILLINA E ACIDO CLAVULANICO ZENTIVA GENERICS,
"",CJC,AMOXICILLINA E ACIDO CLAVULANICO SANDOZ,
"",CJC,AMOXICILLINA E ACIDO CLAVULANICO EG STADA,
"",CJC,NEODUPLAMOX,
"",CJC,ABIOCLAV,
"",CJC,STEMOX,
"",CJC,AMOXICILLINA E ACIDO CLAVULANICO TEVA GROUP,
"",CJC,CLAVULIN,
"",CJD,NEODUPLAMOX,
"",CJD,AUGMENTIN,
"",CJD,AMOXICILLINA E ACIDO CLAVULANICO EG STADA,
"",CJD,AUGMENTIN,
"",CJD,AMOXICILLINA E ACIDO CLAVULANICO TEVA GROUP,
"",CJD,AMOXICILLINA E ACIDO CLAVULANICO ZENTIVA GENERICS,
"",CJD,CLAVULIN,
"",CJD,AMOCLA,
"",CJD,AMOXICILLINA E ACIDO CLAVULANICO SANDOZ,
"",CJD,STEMOX,
"",CLA,LAMOTRIGINA DOC,
"",CLA,LAMOTRIGINA SANDOZ,
"",CLA,AMALESS,
"",CLA,LAMICTAL,
"",CLA,LAMOTRIGINA EG,
"",CLA,LAMICTAL,
"",CLA,LAMICTAL,
"",CLB,LAMOTRIGINA EG,
"",CLB,LAMICTAL,
"",CLB,LAMOTRIGINA DOC,
"",CLB,LAMOTRIGINA SANDOZ,
"",CLB,LAMICTAL,
"",CLB,AMALESS,
"",CLB,LAMICTAL,
"",CLB,LAMICTAL,
"",CLC,LAMICTAL,
"",CLC,AMALESS,
"",CLC,LAMOTRIGINA DOC,
"",CLC,LAMICTAL,
"",CLC,LAMOTRIGINA SANDOZ,
"",CLC,LAMOTRIGINA EG,
"",CLD,LAMOTRIGINA EG,
"",CLD,LAMICTAL,
"",CLD,LAMOTRIGINA SANDOZ,
"",CLD,AMALESS,
"",CLD,LAMOTRIGINA DOC,
"",CMA,AMARYL,
"",CMA,DIAMEL,
"",CMA,SOLOSA,
"",CMA,GLIMEPIRIDE AUROBINDO,
"",CMA,GLIMEPIRIDE EG,
"",CMA,GLIMEPIRIDE ACCORD HEALTHCARE,
"",CMA,GLIMEPIRIDE SANDOZ GMBH,
"",CMB,GLIMEPIRIDE AUROBINDO,
"",CMB,GLIMEPIRIDE SANDOZ GMBH,
"",CMB,SOLOSA,
"",CMB,GLIMEPIRIDE ACCORD HEALTHCARE,
"",CMB,AMARYL,
"",CMC,SOLOSA,
"",CMC,GLIMEPIRIDE SANDOZ GMBH,
"",CMC,GLIMEPIRIDE AUROBINDO,
"",CMC,AMARYL,
"",CMC,GLIMEPIRIDE ACCORD HEALTHCARE,
"",CNA,TAMSULOSINA AUROBINDO,
"",CNA,TAMSULOSIN MYLAN GENERICS,
"",CNA,TAMSULOSINA EG,
"",CNA,UROMEN,
"",CNA,TAMSULOSINA HEXAL,
"",CNA,SULOTAM,
"",CNA,TAMSULOSIN PENSA,
"",CNA,TAMLIC,
"",CNA,BOTAM,
"",CNA,TAMSULOSIN TEVA,
"",CNA,OMNIC,
"",CNA,OMNIC,
"",CNA,TAMSULOSINA ABC,
"",CNA,TAMSULOSINA SANDOZ,
"",CNA,TAMSULOSINA ARISTO,
"",CNA,TAMSULOSIN SUN,
"",CNA,ANTUNES,
"",CNA,TAMSULOSINA ALMUS,
"",CNA,PRADIF,
"",CNA,TAMSULOSINA ARISTO PHARMA,
"",CNA,TAMSULOSINA KRKA,
"",CNA,TAMSULOSIN DOC GENERICI,
"",CNA,TAMSULOSINA ZENTIVA ITALIA,
"",CNA,LURA,
"",CNA,TAMSULOSINA ACCORD,
"",CPA,ACEDIUR,
"",CPA,CAPTOPRIL E IDROCLOROTIAZIDE SANDOZ,
"",CPA,CAPTOPRIL E IDROCLOROTIAZIDE MYLAN GENERICS,
"",CQA,ACIDO ALENDRONICO EUROGENERICI,
"",CQA,GENALEN,
"",CQA,ACIDO ALENDRONICO ZENTIVA,
"",CQA,ALENDRONATO SUN,
"",CQA,ACIDO ALENDRONICO TECNIGEN,
"",CQA,FOSAMAX,
"",CQA,ALENDRONATO DOC GENERICI,
"",CQA,ALENDRONATO EG,
"",CQA,ALENDRONATO TEVA,
"",CQA,NOFRATTIL,
"",CQA,ALENDROS,
"",CQA,OSTEUM,
"",CQA,ASTON,
"",CQA,ACIDO ALENDRONICO ALTER,
"",CQA,DORYX,
"",CQA,FOSAMAX,
"",CQA,ADRONAT,
"",CQA,ALENIC,
"",CQA,PORODRON,
"",CQA,GLAMOR,
"",CQA,ACIDO ALENDRONICO GERMED,
"",CQA,REALEN,
"",CQA,ACIDO ALENDRONICO AUROBINDO,
"",CQA,NEADRALE,
"",CQA,LOSS,
"",CQA,ALENDRONATO MYLAN GENERICS,
"",CQA,ALENDRONATO ALMUS,
"",CQA,ALENDRONATO SANDOZ GMBH,
"",CQD,PORODRON,
"",CQD,NEADRALE,
"",CQD,ASTON,
"",CQD,ALENDRONATO DOC GENERICI,
"",CQD,ALENDRONATO EG,
"",CQD,ALENDRONATO SANDOZ GMBH,
"",CQD,ACIDO ALENDRONICO AUROBINDO,
"",CQD,LOSS,
"",CQD,ACIDO ALENDRONICO EUROGENERICI,
"",CQD,DRALENOS,
"",CQD,ALENDRONATO TEVA,
"",CR8,LIFEROL,
"",CR8,ATIMOS,
"",CR9,LEVOVENT,
"",CR9,FOROTAN,
"",CR9,FORTASINT,
"",CRA,KUROVENT,
"",CRA,FORADIL,
"",CRA,FORMOTEROLO VIATRIS NOVOLIZER,
"",CRA,FORTASINT,
"",CRA,FORMOTEROLO EG,
"",CRA,LEVOVENT,
"",CRA,OXIS,
"",CSA,OMEPRAZOLO SUN,
"",CSA,OMEPRAZOLO HEXAL A/S,
"",CSA,OMEPRAZOLO SANDOZ GMBH,
"",CSA,OMEPRAZEN,
"",CSA,OMEPRAZOLO PHARMACARE,
"",CSA,OMEPRAZOLO ALTER,
"",CSA,MEPRAL,
"",CSA,OMEPRAZOLO ZENTIVA ITALIA,
"",CSA,OMEPRAZOLO ABC,
"",CSA,OMEPRAZOLO TEVA ITALIA,
"",CSA,OMEPRAZOLO GIT,
"",CSA,OMEPRAZOLO ZENTIVA ITALIA,
"",CSA,OMEPRAZOLO MYLAN PHARMA,
"",CSA,ANTRA,
"",CSA,OMEPRAZOLO ARISTO,
"",CSA,OMEPRAZOLO PENSA,
"",CSA,OMEPRAZOLO ALMUS PHARMA,
"",CSA,OMEPRAZOLO AUROBINDO PHARMA ITALIA,
"",CSA,OMEPRAZOLO PENSA,
"",CSA,OMEPRAZOLO DOC GENERICI,
"",CSA,LOSEC,
"",CSA,OMEPRAZOLO EG STADA,
"",CSB,OMEPRAZOLO MYLAN PHARMA,
"",CSB,OMEPRAZOLO ABC,
"",CSB,LOSEC,
"",CSB,KRUXAGON,
"",CSB,KOMEZOL,
"",CSB,OMEPRAZOLO ZENTIVA ITALIA,
"",CSB,OMEPRAZOLO HEXAL A/S,
"",CSB,ANTRA,
"",CSB,OMEPRAZOLO PENSA,
"",CSB,OMEPRAZOLO SANDOZ GMBH,
"",CSB,OMEPRAZOLO SUN,
"",CSB,OMOLIN,
"",CSB,OMEPRAZOLO ARISTO,
"",CSB,OMEPRAZOLO EG STADA,
"",CSB,OMEPRAZOLO ZENTIVA ITALIA,
"",CSB,MEPRAL,
"",CSB,ANADIR,
"",CSB,OMEPRAZEN,
"",CSB,LIMNOS,
"",CSB,OMEPRAZOLO AUROBINDO PHARMA ITALIA,
"",CSB,OMEPRAZOLO PHARMACARE,
"",CSB,OMEPRAZOLO ALTER,
"",CSB,ULCEZOL,
"",CSB,OMEPRAZOLO TECNIGEN,
"",CSB,OMEPRAZOLO P-CARE,
"",CSB,OMEPRAZOLO ALMUS PHARMA,
"",CSB,NANSEN,
"",CSB,OMEPRAZOLO PENSA,
"",CSB,OMEPRAZOLO FG,
"",CSB,OMEPRAZOLO AUROBINDO PHARMA ITALIA,
"",CSB,OMEPRAZOLO GIT,
"",CSB,CLETUS,
"",CSB,PROTEC,
"",CSB,OMEPRAZOLO ALMUS,
"",CSB,MARICRIO,
"",CSB,OMEPRAZOLO TEVA ITALIA,
"",CSB,OMEPRAZOLO DOC GENERICI,
"",CTA,PANTOPRAZOLO ALTER,
"",CTA,PANTOPRAZOLO TECNIGEN ITALIA,
"",CTA,INIPANT,
"",CTA,PANTORC,
"",CTA,PANTORC,
"",CTA,PANTOPRAZOLO ARISTO,
"",CTA,PANTORC,
"",CTA,PANTORC,
"",CTA,PANTOREX,
"",CTA,PANTORC,
"",CTA,PEPTAZOL,
"",CTA,PANTOPRAZOLO TEVA ITALIA,
"",CTA,GASTROLOC,
"",CTA,PANTORC,
"",CTA,PANTOPRAZOLO SUN PHARMACEUTICAL INDUSTRIES LIMITED,
"",CTA,TECNOZOL,
"",CTA,PANTORC,
"",CTA,PANTOPRAZOLO SANDOZ,
"",CTA,PANTORC,
"",CTA,PANTOPRAZOLO SANDOZ,
"",CTA,PANTOFIR,
"",CTA,NOLPAZA,
"",CTA,PANTORC,
"",CTA,PANTOPRAZOLO TEVA ITALIA,
"",CTA,PANTOPRAZOLO AUROBINDO,
"",CTA,INIZOL,
"",CTA,PANTOPRAZOLO ALMUS,
"",CTA,PANTOPRAZOLO PENSA,
"",CTA,ZOLONIB,
"",CTA,PANTORC,
"",CTA,ZOLIUM,
"",CTA,PANTOPRAZOLO EG,
"",CTA,PANTOPRAZOLO ABC,
"",CTA,PANTOPRAZOLO MYLAN,
"",CTA,PEPTAZOL,
"",CTA,PANTOPRAZOLO ZENTIVA,
"",CTA,PANTOPAN,
"",CTA,APPRYO,
"",CTA,PANTOPRAZOLO AUROBINDO,
"",CTA,PANTOPRAZOLO ARISTO PHARMA,
"",CTA,PANTORC,
"",CTA,PANTORC,
"",CTA,PANTORC,
"",CTA,PANTOPRAZOLO PENSA,
"",CTA,PANTORC,
"",CTA,PANCLEUS,
"",CTA,PEPTAZOL,
"",CTA,PANTORC,
"",CTA,PANTORC,
"",CTA,PANTORC,
"",CTA,PANTOPRAZOLO KRKA,
"",CTA,PANTOPRAZOLO DOC,
"",CTA,PANTORC,
"",CTA,PANTOPRAZOLO GIT,
"",CTA,PANTORC,
"",CTA,PANTOPRAZOLO MYLAN GENERICS,
"",CTA,PANTECTA,
"",CTA,PRINZOL,
"",CTA,PANTORC,
"",CTA,PEPTAZOL,
"",CTA,PANTOPRAZOLO SANDOZ,
"",CTA,PANTORC,
"",CTB,PANTOPAN,
"",CTB,PANTOPRAZOLO SANDOZ,
"",CTB,ZOLONIB,
"",CTB,PANTORC,
"",CTB,PANTORC,
"",CTB,PANTORC,
"",CTB,PANTORC,
"",CTB,PANTORC,
"",CTB,PANTOPRAZOLO PENSA,
"",CTB,PANTOPRAZOLO MYLAN,
"",CTB,PEPTAZOL,
"",CTB,PANTOPRAZOLO TEVA ITALIA,
"",CTB,PANTOPRAZOLO GIT,
"",CTB,PANTORC,
"",CTB,PEPTAZOL,
"",CTB,PANTOPRAZOLO DOC,
"",CTB,PANTORC,
"",CTB,PANTOPRAZOLO ALTER,
"",CTB,PANTOPRAZOLO TEVA ITALIA,
"",CTB,PANTORC,
"",CTB,PANTORC,
"",CTB,PANTOPRAZOLO ARISTO PHARMA,
"",CTB,PANTORC,
"",CTB,PEPTAZOL,
"",CTB,PANCLEUS,
"",CTB,PANTORC,
"",CTB,PANTOPRAZOLO SUN PHARMACEUTICAL INDUSTRIES LIMITED,
"",CTB,TECNOZOL,
"",CTB,PANTOPRAZOLO ARISTO,
"",CTB,PANTORC,
"",CTB,PANTECTA,
"",CTB,APPRYO,
"",CTB,PEPTAZOL,
"",CTB,PANTORC,
"",CTB,PANTORC,
"",CTB,PANTORC,
"",CTB,PANTORC,
"",CTB,PANTOPRAZOLO ZENTIVA,
"",CTB,PANTOFIR,
"",CTB,PANTOPRAZOLO SANDOZ,
"",CTB,PANTORC,
"",CTB,PANTOPRAZOLO ABC,
"",CTB,INIZOL,
"",CTB,PANTOPRAZOLO TEVA ITALIA,
"",CTB,PANTOPRAZOLO PENSA,
"",CTB,PANTOPRAZOLO EG,
"",CTB,PEPTAZOL,
"",CTB,PANTORC,
"",CTB,PANTOPRAZOLO KRKA,
"",CTB,PANTOPRAZOLO AUROBINDO,
"",CTB,PANTORC,
"",CTB,PANTORC,
"",CTB,PANTOPRAZOLO ALMUS,
"",CTB,PANTOREX,
"",CTB,PRINZOL,
"",CTB,PANTORC,
"",CTB,ZOLIUM,
"",CTB,PANTOPRAZOLO TECNIGEN ITALIA,
"",CTB,PANTOPRAZOLO AUROBINDO,
"",CTB,GASTROLOC,
"",CTB,INIPANT,
"",CTB,NOLPAZA,
"",CTB,PANTORC,
"",CTB,PANTOPRAZOLO SANDOZ,
"",CTB,PANTORC,
"",CUA,RABEPRAZOLO PENSA PHARMA,
"",CUA,RABEX,
"",CUA,RABEPRAZOLO DOC GENERICI,
"",CUA,RABEPRAZOLO SOS,
"",CUA,RABEPRAZOLO EG STADA,
"",CUA,RABEPRAZOLO KRKA,
"",CUA,RABEPRAZOLO ALTER,
"",CUA,RABEPRAZOLO ZENTIVA,
"",CUA,RABEPRAZOLO TEVA,
"",CUA,PARIET,
"",CUA,RABEPRAZOLO SUN,
"",CUA,RABEPRAZOLO SANDOZ,
"",CUA,STARAB,
"",CUB,RABEPRAZOLO PENSA PHARMA,
"",CUB,RABEPRAZOLO SOS,
"",CUB,RABEPRAZOLO KRKA,
"",CUB,RABEPRAZOLO SANDOZ,
"",CUB,PARIET,
"",CUB,RABEPRAZOLO TECNIGEN,
"",CUB,RABEPRAZOLO ALTER,
"",CUB,RABEPRAZOLO AUROBINDO ITALIA,
"",CUB,RABEX,
"",CUB,RABEPRAZOLO DOC GENERICI,
"",CUB,RABEPRAZOLO TEVA,
"",CUB,RABEPRAZOLO SUN,
"",CUB,RABEPRAZOLO EG STADA,
"",CUB,RABEPRAZOLO ZENTIVA,
"",CUB,STARAB,
"",CVA,ESOMEPRAZOLO DOC GENERICI,
"",CVA,ESOMEPRAZOLO SANDOZ,
"",CVA,ESOMEPRAZOLO ARISTO,
"",CVA,ESOMEPRAZOLO DOC,
"",CVA,ESOMEPRAZOLO EG,
"",CVA,EZORAN,
"",CVA,ESOMEPRAZOLO GIT,
"",CVA,ESOMEPRAZOLO SUN PHARMACEUTICAL INDUSTRIES (EUROPE) BV,
"",CVA,AXAGON,
"",CVA,COLLEZOES,
"",CVA,ESOMEPRAZOLO ALMUS PHARMA,
"",CVA,ESOMEPRAZOLO DOC GENERICS,
"",CVA,NEXIUM,
"",CVA,ABIGERD,
"",CVA,ESOMEPRAZOLO SANDOZ,
"",CVA,ESOMEPRAZOLO MYLAN GENERICS ITALIA,
"",CVA,ARILIAR,
"",CVA,ESOMEPRAZOLO ZENTIVA,
"",CVA,ESOMEPRAZOLO MYLAN GENERICS,
"",CVA,ESOMEPRAZOLO AUROBINDO,
"",CVA,ESODOR,
"",CVA,ESOMEPRAZOLO KRKA,
"",CVA,ESOPRAL,
"",CVA,ESOMEPRAZOLO ALTER,
"",CVA,LUCEN,
"",CVA,ESOMEPRAZOLO PENSA PHARMA,
"",CVA,ESOPIR,
"",CVA,GASTRES,
"",CVA,ESOMEPRAZOLO PENSA PHARMA,
"",CVA,ESOMEPRAZOLO TEVA ITALIA,
"",CVA,ESOMEPRAZOLO EG STADA,
"",CVA,ESOMEPRAZOLO SUN PHARMACEUTICAL INDUSTRIES (EUROPE) BV,
"",CVB,NEXIUM,
"",CVB,ESOMEPRAZOLO MYLAN GENERICS ITALIA,
"",CVB,ESOMEPRAZOLO TEVA ITALIA,
"",CVB,ESOMEPRAZOLO SUN PHARMACEUTICAL INDUSTRIES (EUROPE) BV,
"",CVB,COLLEZOES,
"",CVB,LUCEN,
"",CVB,ESOMEPRAZOLO PENSA PHARMA,
"",CVB,ESOMEPRAZOLO SUN PHARMACEUTICAL INDUSTRIES (EUROPE) BV,
"",CVB,ESODOR,
"",CVB,ESOMEPRAZOLO PENSA PHARMA,
"",CVB,GASTRES,
"",CVB,ESOMEPRAZOLO DOC GENERICI,
"",CVB,AXAGON,
"",CVB,ESOMEPRAZOLO ZENTIVA,
"",CVB,ABIGERD,
"",CVB,ESOMEPRAZOLO AUROBINDO,
"",CVB,ESOMEPRAZOLO ALMUS PHARMA,
"",CVB,ESOMEPRAZOLO ARISTO,
"",CVB,ESOMEPRAZOLO ALTER,
"",CVB,ESOMEPRAZOLO EG STADA,
"",CVB,EZORAN,
"",CVB,ESOPRAL,
"",CVB,ESOMEPRAZOLO SANDOZ,
"",CVB,ESOMEPRAZOLO KRKA,
"",CVB,ESOMEPRAZOLO MYLAN GENERICS,
"",CVB,ESOMEPRAZOLO EG,
"",CVB,ESOMEPRAZOLO GIT,
"",CVB,ESOMEPRAZOLO SANDOZ,
"",CVB,ARILIAR,
"",CVB,ESOMEPRAZOLO DOC GENERICS,
"",CVB,ESOMEPRAZOLO DOC,
"",CVB,ESOPIR,
"",CWA,MELOXICAM MYLAN GENERICS,
"",CWA,MELOXICAM EG,
"",CWA,MELOXICAM ZENTIVA,
"",CWA,MOBIC,
"",CWA,MELOXICAM HEXAL,
"",CWB,MELOXICAM MYLAN GENERICS,
"",CWB,MOBIC,
"",CYA,BISOPROLOLO DOC GENERICS,
"",CYA,BISOPROLOLO ALMUS,
"",CYA,BISOPROLOLO TEVA,
"",CYA,BISOPROLOLO PENSA,
"",CYA,BISOPROLOLO AHCL,
"",CYA,BISOPROLOLO MYLAN,
"",CYA,CONGESCOR,
"",CYA,BISOPROLOLO AUROBINDO PHARMA ITALIA,
"",CYA,CARDICOR,
"",CYA,BISOPROLOLO ZENTIVA,
"",CYA,SEQUACOR,
"",CYA,CONCOR,
"",CYA,BISOPROLOLO SANDOZ,
"",CYA,BISOPROLOLO ZENTIVA GENERICS,
"",CYA,BISOPROLOLO KRKA,
"",CYA,BISOPROLOLO EG,
"",CYB,CONGESCOR,
"",CYB,BISOPROLOLO ALMUS,
"",CYB,BISOPROLOLO TEVA,
"",CYB,BISOPROLOLO MYLAN,
"",CYB,SEQUACOR,
"",CYB,BISOPROLOLO AUROBINDO PHARMA ITALIA,
"",CYB,BISOPROLOLO PENSA,
"",CYB,BISOPROLOLO EG,
"",CYB,BISOPROLOLO KRKA,
"",CYB,BISOPROLOLO AHCL,
"",CYB,CONGESCOR,
"",CYB,CONGESCOR,
"",CYB,BISOPROLOLO ZENTIVA GENERICS,
"",CYB,CONGESCOR,
"",CYB,BISOPROLOLO SANDOZ,
"",CYB,CARDICOR,
"",CYB,CONGESCOR,
"",CYB,BISOPROLOLO DOC GENERICS,
"",CYB,CONGESCOR,
"",CYC,CONGESCOR,
"",CYC,BISOPROLOLO PENSA PHARMA,
"",CYC,BISOPROLOLO DOC GENERICS,
"",CYC,CONGESCOR,
"",CYC,BISOPROLOLO TEVA,
"",CYC,BISOPROLOLO SANDOZ,
"",CYC,BISOPROLOLO ALMUS,
"",CYC,BISOPROLOLO ZENTIVA GENERICS,
"",CYC,CARDICOR,
"",CYC,CONGESCOR,
"",CYC,SEQUACOR,
"",CYC,CONGESCOR,
"",CYC,BISOPROLOLO MYLAN,
"",CYC,BISOPROLOLO EG STADA,
"",CYC,CARDICOR,
"",CYD,CONGESCOR,
"",CYD,CONGESCOR,
"",CYD,CONGESCOR,
"",CYD,BISOPROLOLO KRKA,
"",CYD,BISOPROLOLO ZENTIVA GENERICS,
"",CYD,BISOPROLOLO EG STADA,
"",CYD,BISOPROLOLO SANDOZ,
"",CYD,CONGESCOR,
"",CYD,CONGESCOR,
"",CYD,CARDICOR,
"",CYD,CONGESCOR,
"",CYD,CONGESCOR,
"",CYD,CONGESCOR,
"",CYD,CONGESCOR,
"",CYD,BISOPROLOLO ZENTIVA,
"",CYD,CONGESCOR,
"",CYD,BISOPROLOLO ACCORD HEALTHCARE,
"",CYD,BISOPROLOLO ALMUS,
"",CYD,BISOPROLOLO PENSA,
"",CYD,BISOPROLOLO AUROBINDO PHARMA ITALIA,
"",CYD,CONGESCOR,
"",CYD,CONGESCOR,
"",CYD,BISOPROLOLO MYLAN,
"",CYD,CARDICOR,
"",CYD,SEQUACOR,
"",CYD,CARDICOR,
"",CYD,BISOPROLOLO TEVA,
"",CYD,BISOPROLOLO DOC GENERICS,
"",CYE,SEQUACOR,
"",CYE,BISOPROLOLO DOC GENERICS,
"",CYE,BISOPROLOLO EG STADA,
"",CYE,BISOPROLOLO SANDOZ,
"",CYE,CONGESCOR,
"",CYE,BISOPROLOLO MYLAN,
"",CYE,BISOPROLOLO TEVA,
"",CYE,BISOPROLOLO PENSA PHARMA,
"",CYE,BISOPROLOLO ZENTIVA GENERICS,
"",CYE,CARDICOR,
"",CYF,CARDICOR,
"",CYF,CONGESCOR,
"",CYF,BISOPROLOLO ZENTIVA GENERICS,
"",CYF,BISOPROLOLO PENSA PHARMA,
"",CYF,BISOPROLOLO SANDOZ,
"",CYF,SEQUACOR,
"",CZA,DOSTINEX,
"",CZA,CABERGOLINA RATIOPHARM,
"",CZA,DOSTINEX,
"",CZA,ACTUALENE,
"",CZB,CABERGOLINA RATIOPHARM,
"",CZB,DOSTINEX,
"",D4A,HUMATIN,
"",D4A,KAMAN,
"",D4A,HUMATIN,
"",D5A,PROMETRIUM,
"",D5A,PROGEFFIK,
"",D5B,PROMETRIUM,
"",D5B,PROGEFFIK,
"",D6A,SEREVENT DISKUS,
"",D6A,SALMETEDUR DISKUS,
"",D8A,CIPROXIN,
"",D8A,CIPROFLOXACINA KRKA,
"",D8A,CIPROFLOXACINA AUROBINDO,
"",D8A,CIPROFLOXACINA RATIOPHARM,
"",D8A,BASEMAR,
"",D8A,CIPROFLOXACINA DOC GENERICI,
"",D8A,CIPROFLOXACINA PENSA,
"",D8A,CIPROFLOXACINA ABC,
"",D8A,CIPROFLOXACINA EG,
"",D8A,CIPROFLOXACINA ALTER,
"",D8A,CIPROFLOXACINA MYLAN GENERICS,
"",D8A,CIPROFLOXACINA ALMUS,
"",D8A,CIPROFLOXACINA ZENTIVA,
"",D8A,BATTIZER,
"",D8A,CIPROFLOXACINA ACCORD,
"",D8A,CIPROFLOXACINA SUN,
"",D8A,CIPROFLOXACINA SANDOZ,
"",D8A,SAMPER,
"",D8B,CIPROFLOXACINA KRKA,
"",D8B,CIPROFLOXACINA AUROBINDO,
"",D8B,CIPROXIN,
"",D8B,CIPROFLOXACINA SUN,
"",D8B,BOSIX,
"",D8B,CIPROFLOXACINA TECNIGEN,
"",D8B,FLONTALEXIN,
"",D8B,CIPROXIN,
"",D8B,CIPROFLOXACINA ZENTIVA,
"",D8B,EOXIN,
"",D8B,CUSPIS,
"",D8B,CIPROFLOXACINA ACCORD,
"",D8B,IBIXACIN,
"",D8B,MACAR,
"",D8B,SAMPER,
"",D8B,BATTIZER,
"",D8B,CIPROXIN,
"",D8B,CIPROFLOXACINA ABC,
"",D8B,CIPROFLOXACINA SANDOZ,
"",D8B,CIPERUS,
"",D8B,CIPROFLOXACINA ALTER,
"",D8B,CIPROFLOXACINA EG,
"",D8B,CIPROFLOXACINA MYLAN GENERICS,
"",D8B,CIPROFLOXACINA PENSA,
"",D8B,BASEMAR,
"",D8B,CIPROFLOXACINA RATIOPHARM,
"",D8B,CIPROXIN,
"",D8B,CIPROFLOXACINA ALMUS,
"",D8B,CIPROXIN,
"",D8B,CIPROFLOXACINA GIT,
"",D8B,PROCIFLOR,
"",D8B,CIPROXIN,
"",D8B,CHINOCID,
"",D8B,CIPROFLOXACINA PHARMACARE,
"",D8B,CIPROFLOXACINA DOC GENERICI,
"",D8B,GENERFLON,
"",D8B,KINOX,
"",D8B,GERBAT,
"",D8B,CIPROFLOXACINA SANDOZ,
"",D8B,ULLAX,
"",D8C,FLONTALEXIN,
"",D8C,BOSIX,
"",D8C,EOXIN,
"",D8C,CIPERUS,
"",D8C,BASEMAR,
"",D8C,CIPROFLOXACINA SANDOZ,
"",D8C,CIPROXIN,
"",D8C,CIPROFLOXACINA DOC GENERICI,
"",D8C,GENERFLON,
"",D8C,MACAR,
"",D8C,PROCIFLOR,
"",D8C,CHINOCID,
"",D8C,CIPROFLOXACINA AUROBINDO,
"",D8C,CIPROFLOXACINA ALMUS,
"",D8C,KINOX,
"",D8C,CIPROFLOXACINA PENSA,
"",D8C,CIPROFLOXACINA SANDOZ,
"",D8C,CIPROFLOXACINA ZENTIVA,
"",D8C,CIPROFLOXACINA MYLAN GENERICS,
"",D8C,SAMPER,
"",D8C,CIPROFLOXACINA SANDOZ,
"",D8C,CUSPIS,
"",D8C,CIPROFLOXACINA KRKA,
"",D8C,ULLAX,
"",D8C,GERBAT,
"",D8C,CIPROFLOXACINA ACCORD,
"",D8C,BATTIZER,
"",DAA,SIMVASTATINA MYLAN GENERICS,
"",DAA,MEDIPO,
"",DAA,SIMVASTATINA EG,
"",DAA,LIPONORM,
"",DAA,SIVASTIN,
"",DAA,SIMVASTATINA DOC,
"",DAA,ZOCOR,
"",DAB,ZOCOR,
"",DAB,LIPONORM,
"",DAB,SIMVASTATINA DOC,
"",DAB,SIVASTIN,
"",DAB,MEDIPO,
"",DAB,SIMVASTATINA MYLAN GENERICS,
"",DAC,SIMVASTATINA SANDOZ,
"",DAC,SINCOL,
"",DAC,KRUSTAT,
"",DAC,SIMVASTATINA ZENTIVA,
"",DAC,SIMVASTATINA SUN,
"",DAC,SIMVASTATINA AUROBINDO,
"",DAC,XIPOCOL,
"",DAC,SINVACOR,
"",DAC,SINVALIP,
"",DAC,SIMBATRIX,
"",DAC,SIMVASTATINA ABC,
"",DAC,VASTGEN,
"",DAC,VASTIN,
"",DAC,SIMVASTATINA DOC,
"",DAC,SIMVASTATINA PENSA,
"",DAC,SIMVASTATINA ACCORD,
"",DAC,MEDIPO,
"",DAC,OMISTAT,
"",DAC,SIMVASTATINA ALMUS,
"",DAC,SINVAT,
"",DAC,SIMVASTATINA MYLAN GENERICS,
"",DAC,SIMVASTATINA KRKA,
"",DAC,SETORILIN,
"",DAC,SIMVASTATINA EG,
"",DAC,SIMVASTATINA TEVA ITALIA,
"",DAC,SIMVASTATINA TEVA ITALIA,
"",DAC,ALPHEUS,
"",DAC,SIMVASTATINA ARISTO,
"",DAC,SIVASTIN,
"",DAC,SIMVASTATINA ALTER,
"",DAC,LIPENIL,
"",DAC,SIMVASTATINA TECNIGEN,
"",DAC,LIPONORM,
"",DAC,SIMVASTATINA GIT,
"",DAC,ZOCOR,
"",DAC,ROSIM,
"",DAC,SIMVASTATINA HEXAL,
"",DAC,SIMVASTATINA SANDOZ,
"",DAD,SINVALIP,
"",DAD,SIMVASTATINA DOC,
"",DAD,SINVAT,
"",DAD,XIPOCOL,
"",DAD,SINCOL,
"",DAD,SINVACOR,
"",DAD,SIMVASTATINA HEXAL,
"",DAD,SIMVASTATINA SANDOZ,
"",DAD,SIMVASTATINA TECNIGEN,
"",DAD,SIMVASTATINA SUN,
"",DAD,KRUSTAT,
"",DAD,SIMVASTATINA TEVA ITALIA,
"",DAD,VASTGEN,
"",DAD,SIMVASTATINA TEVA ITALIA,
"",DAD,SIMVASTATINA KRKA,
"",DAD,MEDIPO,
"",DAD,LIPONORM,
"",DAD,OMISTAT,
"",DAD,ZOCOR,
"",DAD,SIMVASTATINA ALTER,
"",DAD,ALPHEUS,
"",DAD,SETORILIN,
"",DAD,SIMVASTATINA EG,
"",DAD,VASTIN,
"",DAD,SIMVASTATINA GIT,
"",DAD,ROSIM,
"",DAD,SIMVASTATINA ACCORD,
"",DAD,LIPENIL,
"",DAD,SIMVASTATINA PENSA,
"",DAD,SIMBATRIX,
"",DAD,SIMVASTATINA SANDOZ,
"",DAD,SIMVASTATINA ALMUS,
"",DAD,SIVASTIN,
"",DAD,SIMVASTATINA ZENTIVA,
"",DAD,SIMVASTATINA MYLAN GENERICS,
"",DAD,SIMVASTATINA ARISTO,
"",DAD,SIMVASTATINA AUROBINDO,
"",DAE,SIVASTIN,
"",DAE,SIMVASTATINA ZENTIVA,
"",DAE,SIMVASTATINA EG,
"",DAE,SIMVASTATINA AUROBINDO,
"",DAE,SIMVASTATINA SANDOZ,
"",DAE,SIMVASTATINA HEXAL,
"",DAE,SIMVASTATINA PENSA,
"",DAE,SIMVASTATINA MYLAN GENERICS,
"",DAE,SINVACOR,
"",DAE,SIMVASTATINA TEVA ITALIA,
"",DAE,ZOCOR,
"",DAE,LIPONORM,
"",DAE,SIMVASTATINA DOC,
"",DBA,DOXAZOSIN RATIOPHARM,
"",DBA,CARDURA,
"",DBA,DEDRALEN,
"",DBA,QUORUM,
"",DBA,DOXAZOSIN DOC GENERICI,
"",DBA,CARDURA,
"",DBA,DOXAZOSINA HEXAL,
"",DBA,CARDURA,
"",DBA,CARDURA,
"",DBA,CARDURA,
"",DBA,NORMOTHEN,
"",DBA,CARDURA,
"",DBA,DILUR,
"",DBA,CARDURA,
"",DBA,DOXAZOSINA SANDOZ,
"",DBA,CARDURA,
"",DBA,DOXAZOSINA ALTER,
"",DBA,SAIDOX,
"",DBA,DOXAZOSINA ALMUS,
"",DBA,CHIARIDOXINA,
"",DBA,LENAXOLAN,
"",DBA,DOXAZOSINA PENSA,
"",DBA,CARDURA,
"",DBA,KIMURA,
"",DBA,DOXAZOSINA MYLAN GENERICS,
"",DBA,DOXAZOSIN ZENTIVA,
"",DBA,DOXAZOSIN AUROBINDO,
"",DBA,NORADOX,
"",DBA,DOXAFIN,
"",DBA,CARDURA,
"",DBA,CARDURA,
"",DBA,DOXAZOSINA EG,
"",DBB,DOXAFIN,
"",DBB,LENAXOLAN,
"",DBB,DOXAZOSINA PENSA,
"",DBB,DOXAZOSINA ALTER,
"",DBB,DOXAZOSIN AUROBINDO,
"",DBB,NORADOX,
"",DBB,DOXAZOSIN DOC GENERICI,
"",DBB,DOXAZOSINA HEXAL,
"",DBB,CHIARIDOXINA,
"",DBB,QUORUM,
"",DBB,CARDURA,
"",DBB,DILUR,
"",DBB,CARDURA,
"",DBB,KIMURA,
"",DBB,DEDRALEN,
"",DBB,DOXAZOSIN ZENTIVA,
"",DBB,DOXAZOSINA ALMUS,
"",DBB,DOXAZOSINA EG,
"",DBB,CARDURA,
"",DBB,BENUR,
"",DBB,CARDURA,
"",DBB,CARDURA,
"",DBB,DOXAZOSINA MYLAN GENERICS,
"",DBB,CARDURA,
"",DBB,CARDURA,
"",DBB,CARDURA,
"",DBB,NORMOTHEN,
"",DBB,SAIDOX,
"",DBB,DOXAZOSINA SANDOZ,
"",DBB,CARDURA,
"",DBB,DOXAZOSIN RATIOPHARM,
"",DCA,GEMIFLUX,
"",DCA,MICONIX,
"",DCA,CANACID,
"",DCA,FLUCONAZOLO ACCORD,
"",DCA,FLUCONAZOLO MYLAN,
"",DCA,FUNGUS,
"",DCA,FLUCONAZOLO ZENTIVA,
"",DCA,TEDIM,
"",DCA,FLUCONAZOLO ABC,
"",DCA,ZOLODER,
"",DCA,FLUCONAZOLO SANDOZ,
"",DCA,FLUCONAZOLO EG,
"",DCA,CRINOZOL,
"",DCA,FLUORES,
"",DCA,AVIFLUCOX,
"",DCA,AZONAL,
"",DCA,ELAZOR,
"",DCA,TRIMIKOS,
"",DCA,RIFLAX,
"",DCA,ALOZOF,
"",DCA,FLUMICON,
"",DCA,ZERFUN,
"",DCA,FLUCONAZOLO DOC GENERICI,
"",DCA,FLUMOS,
"",DCA,DIFLUCAN,
"",DCA,MUKES,
"",DCA,FLUCONAZOLO PENSA,
"",DCA,ZAMIZOL,
"",DCA,FLUCONAZOLO SUN,
"",DCA,DIZOLO,
"",DCA,ZEFLUGYN,
"",DCA,FLUCONAZOLO HEXAL,
"",DCA,LUCANDIOL,
"",DCA,FLUCONAZOLO ALMUS,
"",DCA,KLAIDER,
"",DCA,LEFUNZOL,
"",DCA,FLUKIMEX,
"",DCA,FLUCONAZOLO RATIOPHARM,
"",DCA,FLUCONAZOLO AUROBINDO,
"",DCA,WINCH,
"",DCB,FLUCONAZOLO TECNIGEN,
"",DCB,FLUCONAZOLO PENSA,
"",DCB,FLUCONAZOLO ABC,
"",DCB,FLUCONAZOLO ZENTIVA,
"",DCB,FLUCOSTENOL,
"",DCB,FLUCONAZOLO DOC GENERICI,
"",DCB,DIZOLO,
"",DCB,AZONAL,
"",DCB,CRINOZOL,
"",DCB,FLUKIMEX,
"",DCB,FLUCONAZOLO EG,
"",DCB,FLUCONAZOLO MYLAN,
"",DCB,DIFLUCAN,
"",DCB,FLUCONAZOLO RATIOPHARM,
"",DCB,FLUCONAZOLO ACCORD,
"",DCB,FLUCONAZOLO HEXAL,
"",DCB,FLUCONAZOLO SANDOZ,
"",DCB,FLUCONAZOLO ALMUS,
"",DCB,FLUCONAZOLO SUN,
"",DCB,FLUCONAZOLO AUROBINDO,
"",DCB,ALOZOF,
"",DCB,DIFLUCAN,
"",DCB,ELAZOR,
"",DCB,FLUMICON,
"",DCB,ZERFUN,
"",DCB,FUNGUS,
"",DCB,TRIMIKOS,
"",DCB,TEDIM,
"",DCB,FLUORES,
"",DCB,LUCANDIOL,
"",DCB,WINCH,
"",DCB,LEFUNZOL,
"",DCB,FLUMOS,
"",DCB,KLAIDER,
"",DCB,GEMIFLUX,
"",DCB,MICONIX,
"",DCB,MUKES,
"",DCB,RIFLAX,
"",DCB,ZOLODER,
"",DCC,CRINOZOL,
"",DCC,KLAIDER,
"",DCC,FLUKIMEX,
"",DCC,LEFUNZOL,
"",DCC,FLUCONAZOLO ABC,
"",DCC,DIZOLO,
"",DCC,ZOLODER,
"",DCC,ZERFUN,
"",DCC,FLUCONAZOLO AUROBINDO,
"",DCC,RIFLAX,
"",DCC,TEDIM,
"",DCC,FLUCONAZOLO DOC GENERICI,
"",DCC,TRIMIKOS,
"",DCC,CANACID,
"",DCC,ELAZOR,
"",DCC,MUKES,
"",DCC,FLUCONAZOLO EG,
"",DCC,FLUMOS,
"",DCC,FLUCONAZOLO RATIOPHARM,
"",DCC,FLUCONAZOLO MYLAN,
"",DCC,AVIFLUCOX,
"",DCC,FUNGUS,
"",DCC,FLUMICON,
"",DCC,FLUCONAZOLO TECNIGEN,
"",DCC,MICONIX,
"",DCC,LUCANDIOL,
"",DCC,AZONAL,
"",DCC,GEMIFLUX,
"",DCC,FLUCONAZOLO SUN,
"",DCC,FLUCONAZOLO ACCORD,
"",DCC,FLUCONAZOLO ZENTIVA,
"",DCC,FLUCONAZOLO PENSA,
"",DCC,ZEFLUGYN,
"",DCC,DIFLUCAN,
"",DCC,FLUCONAZOLO SANDOZ,
"",DCC,WINCH,
"",DCC,FLUCONAZOLO ALMUS,
"",DCC,FLUCONAZOLO HEXAL,
"",DDA,ACCUPRIN,
"",DDA,QUINAZIL,
"",DDB,ACEQUIN,
"",DDB,ACCUPRIN,
"",DDB,QUINAZIL,
"",DDB,QUINAPRIL EG,
"",DDB,QUINAPRIL ZENTIVA,
"",DEA,ACEQUIDE,
"",DEA,QUINAPRIL E IDROCLOROTIAZIDE MYLAN GENERICS,
"",DEA,QUINAPRIL IDROCLOROTIAZIDE AUROBINDO,
"",DEA,ACCURETIC,
"",DEA,QUINAPRIL IDROCLOROTIAZIDE ZENTIVA,
"",DEA,QUINAPRIL IDROCLOROTIAZIDE EG,
"",DEA,QUINAZIDE,
"",DFA,ZIRTEC,
"",DFA,ZIRTEC,
"",DFA,AXERAMIS,
"",DFA,ZIRTEC,
"",DFA,FORMISTIN,
"",DFA,CETIRIZINA SANDOZ,
"",DFA,ZIRTEC,
"",DFA,ZIRTEC,
"",DFA,CETIRIZINA ABC,
"",DFA,TEZASTIN,
"",DFA,CETIRIZINA MYLAN GENERICS,
"",DFA,SUSPIRIA,
"",DFA,ZIRTEC,
"",DFA,SOTRIZOL,
"",DFA,CETIRIZINA ZENTIVA,
"",DFA,CETIRIZINA AUROBINDO,
"",DFA,CERCHIO,
"",DFA,ZIRTEC,
"",DFA,CETIRIZINA PENSA,
"",DFA,ZIRTEC,
"",DFA,CETIRIZINA SUN,
"",DFA,CETIRIZINA ACCORD,
"",DFA,PRIZITEC,
"",DFA,ZIRTEC,
"",DFA,ZIRTEC,
"",DFA,ZIRTEC,
"",DFA,CETIRIZINA ALTER,
"",DFA,CETERIS,
"",DFA,ZIRTEC,
"",DFA,ZIRTEC,
"",DFA,CETIRIZINA TEVA,
"",DFA,CETIRIZINA EG,
"",DFA,STAMIDIX,
"",DFA,CETIRIZINA DOC,
"",DFB,ZIRTEC,
"",DFB,ZIRTEC,
"",DFB,ZIRTEC,
"",DFB,ZIRTEC,
"",DFB,ZIRTEC,
"",DFB,ZIRTEC,
"",DFB,CETIRIZINA AUROBINDO ITALIA,
"",DFB,ZIRTEC,
"",DFB,CETIRIZINA ACCORD,
"",DFB,SUSPIRIA,
"",DFB,RAINGEN,
"",DFB,CETIRIZINA MYLAN GENERICS ITALIA,
"",DFB,STAMIDIX,
"",DFB,CETIRIZINA SUN,
"",DFB,FORMISTIN,
"",DFB,ZIRTEC,
"",DFB,RAINGEN,
"",DFB,CETIRIZINA TEVA ITALIA,
"",DFB,CETIRIZINA DOC,
"",DFB,CERCHIO,
"",DFB,AXERAMIS,
"",DFB,ZIRTEC,
"",DFB,ZIRTEC,
"",DFB,CETIRIZINA EG,
"",DFB,CETIRIZINA PENSA,
"",DFB,GENERIT,
"",DFB,RITECAM,
"",DFB,CETERIS,
"",DFB,RITECAM,
"",DFB,PRIZITEC,
"",DFB,GENERIT,
"",DFB,CETIRIZINA ABC,
"",DFB,ZIRTEC,
"",DFB,SOTRIZOL,
"",DGA,DAIVONEX,
"",DGA,CALCIPOTRIOLO SANDOZ,
"",DGA,DAIVONEX,
"",DHA,FLECAINIDE EG,
"",DHA,FLECAINIDE SANDOZ,
"",DHA,FLECAINIDE TEVA,
"",DHA,FLECAINIDE DOC GENERICI,
"",DHA,ALMARYTM,
"",DHA,FLECAINIDE AUROBINDO,
"",DIA,ALAPRIL,
"",DIA,LISINOPRIL SANDOZ,
"",DIA,LISINOPRIL AUROBINDO,
"",DIA,LISINOPRIL DOC GENERICI,
"",DIA,LISINOPRIL ZENTIVA,
"",DIA,LISINOPRIL PENSA,
"",DIA,LISINOPRIL MYLAN GENERICS,
"",DIA,PRINIVIL,
"",DIA,LISINOPRIL EG,
"",DIA,ZESTRIL,
"",DIA,LISINOPRIL RATIOPHARM,
"",DIB,LISINOPRIL SANDOZ,
"",DIB,LISINOPRIL DOC GENERICI,
"",DIB,LISINOPRIL RATIOPHARM,
"",DIB,LISINOPRIL ZENTIVA,
"",DIB,LISINOPRIL EG,
"",DIB,LISINOPRIL AUROBINDO,
"",DIB,ZESTRIL,
"",DIB,LISINOPRIL MYLAN GENERICS,
"",DIB,LISINOPRIL PENSA,
"",DIB,PRINIVIL,
"",DIB,ALAPRIL,
"",DKA,EPLERENONE MYLAN,
"",DKA,EPLERENONE ACCORD,
"",DKA,EPLERENONE DOC GENERICI,
"",DKA,EPLERENONE TECNIGEN,
"",DKA,INSPRA,
"",DKA,EPLERENONE KRKA,
"",DLA,LORATADINA TEVA,
"",DLA,FRISTAMIN,
"",DLA,LORATADINA EG,
"",DLA,LORATADINA HEXAL,
"",DLA,CLARITYN,
"",DMA,ENALAPRIL IDROCLOROTIAZIDE HEXAL,
"",DMA,VASORETIC,
"",DMA,VASORETIC,
"",DMA,LANETIK,
"",DMA,VASORETIC,
"",DMA,VASORETIC,
"",DMA,ENALAPRIL E IDROCLOROTIAZIDE PENSA,
"",DMA,VASORETIC,
"",DMA,ENALAPRIL E IDROCLOROTIAZIDE AUROBINDO,
"",DMA,ENALAPRIL E IDROCLOROTIAZIDE GIT,
"",DMA,VASORETIC,
"",DMA,VASORETIC,
"",DMA,ACESISTEM,
"",DMA,ENEFIN,
"",DMA,ENALAPRIL E IDROCLOROTIAZIDE ALTER,
"",DMA,ENALAPRIL E IDROCLOROTIAZIDE MYLAN,
"",DMA,VASORETIC,
"",DMA,CONDIUREN,
"",DMA,VASORETIC,
"",DMA,ENALAPRIL E IDROCLOROTIAZIDE ZENTIVA,
"",DMA,VASORETIC,
"",DMA,VASORETIC,
"",DMA,ENALAPRIL E IDROCLOROTIAZIDE DOC GENERICI,
"",DMA,VASORETIC,
"",DMA,VASORETIC,
"",DMA,ENALAPRIL IDROCLOROTIAZIDE EG,
"",DMA,VASORETIC,
"",DMA,VASORETIC,
"",DMA,ELEKTRA,
"",DMA,ENALAPRIL E IDROCLOROTIAZIDE SUN,
"",DMA,ENALAPRIL IDROCLOROTIAZIDE RATIOPHARM,
"",DMA,ENALAPRIL E IDROCLOROTIAZIDE ALMUS,
"",DMA,VASORETIC,
"",DMA,ENALAPRIL IDROCLOROTIAZIDE SANDOZ GMBH,
"",DMB,SINERTEC,
"",DMB,ENALAPRIL IDROCLOROTIAZIDE HEXAL AG,
"",DMB,ENALAPRIL IDROCLOROTIAZIDE SANDOZ GMBH,
"",DMB,GENTIPRESS,
"",DMB,ENALAPRIL + IDROCLOROTIAZIDE EG STADA,
"",DNA,TOLEP,
"",DNA,OXCARBAZEPINA TECNIGEN,
"",DNB,TOLEP,
"",DNB,OXCARBAZEPINA TECNIGEN,
"",DOA,AMLOPOL,
"",DOA,AMLODIPINA KRKA,
"",DOA,NORVASC,
"",DOA,NORVASC,
"",DOA,NORVASC,
"",DOA,AMLODIPINA SANDOZ,
"",DOA,AMLODIPINA HEXAL AG,
"",DOA,AMLODIPINA DOC GENERICI,
"",DOA,AMLODIPINA ABC,
"",DOA,NORVASC,
"",DOA,AMLODIPINA PENSA,
"",DOA,LOSEDIN,
"",DOA,AMLODIPINA ALMUS,
"",DOA,NORVASC,
"",DOA,AMLODIPINA AUROBINDO,
"",DOA,KRUDIPIN,
"",DOA,NORVASC,
"",DOA,ANTACAL,
"",DOA,NORVASC,
"",DOA,AMLODIPINA TEVA ITALIA,
"",DOA,NORVASC,
"",DOA,NORVASC,
"",DOA,AMLODIPINA ALTER,
"",DOA,NORVASC,
"",DOA,AMLODIPINA ZENTIVA ITALIA,
"",DOA,AMLODIPINA SUN,
"",DOA,AMLODIPINA EPIFARMA,
"",DOA,NORVASC,
"",DOA,BALARM,
"",DOA,AMLODIPINA TECNIGEN,
"",DOA,AMLODIPINA ACCORD,
"",DOA,NORVASC,
"",DOA,PRESSAC,
"",DOA,AMLODIPINA FG,
"",DOA,AMLODIPINA MYLAN,
"",DOA,NORVASC,
"",DOA,NORVASC,
"",DOA,ABIS,
"",DOA,AMLODIPINA ARISTO,
"",DOA,AMLODIPINA GIT,
"",DOA,NORVASC,
"",DOA,NATAM,
"",DOA,NORVASC,
"",DOA,ALMIDIS,
"",DOA,AMLODIPINA EG,
"",DOB,AMLODIPINA KRKA,
"",DOB,NORVASC,
"",DOB,AMLODIPINA SUN,
"",DOB,ABIS,
"",DOB,AMLODIPINA SANDOZ,
"",DOB,NORVASC,
"",DOB,NATAM,
"",DOB,PRESSAC,
"",DOB,BALARM,
"",DOB,AMLODIPINA ARISTO,
"",DOB,AMLODIPINA MYLAN,
"",DOB,AMLODIPINA ALTER,
"",DOB,AMLODIPINA TECNIGEN,
"",DOB,AMLOPOL,
"",DOB,AMLODIPINA ACCORD,
"",DOB,NORVASC,
"",DOB,KRUDIPIN,
"",DOB,AMLODIPINA DOC GENERICI,
"",DOB,AMLODIPINA PENSA,
"",DOB,LOSEDIN,
"",DOB,ANTACAL,
"",DOB,AMLODIPINA GIT,
"",DOB,AMLODIPINA AUROBINDO,
"",DOB,NORVASC,
"",DOB,NORVASC,
"",DOB,NORVASC,
"",DOB,AMLODIPINA TEVA ITALIA,
"",DOB,NORVASC,
"",DOB,ALMIDIS,
"",DOB,AMLODIPINA ZENTIVA ITALIA,
"",DOB,AMLODIPINA EG,
"",DOB,NORVASC,
"",DOB,NORVASC,
"",DOB,AMLODIPINA ABC,
"",DOB,AMLODIPINA ALMUS,
"",DOB,AMLODIPINA HEXAL AG,
"",DPA,CLARITROMICINA HEXAL,
"",DPA,CLARITROMICINA EG,
"",DPA,CLARITROMICINA SANDOZ,
"",DPA,CLARITROMICINA PENSA,
"",DPA,SORICLAR,
"",DPA,CLARITROMICINA TEVA,
"",DPA,CLARITROMICINA ACCORD,
"",DPA,KLACID,
"",DPA,VECLAM,
"",DPA,CLARITROMICINA HCS,
"",DPA,CLARITROMICINA SUN PHARMA,
"",DPA,MACLADIN,
"",DPB,MACLADIN,
"",DPB,CLARITROMICINA EG,
"",DPB,VECLAM,
"",DPB,CLARITROMICINA ACCORD,
"",DPB,CLARITROL,
"",DPB,CLARITROMICINA ZENTIVA,
"",DPB,CLARITROMICINA SUN PHARMA,
"",DPB,KRUKLAR,
"",DPB,SORICLAR,
"",DPB,CLARITROMICINA ALMUS,
"",DPB,CLARITROMICINA ALTER,
"",DPB,CLARITROMICINA HEXAL,
"",DPB,CLARMAC,
"",DPB,CLARITROMICINA TEVA,
"",DPB,CLARITROMICINA MYLAN GENERICS,
"",DPB,KLACID,
"",DPB,CLARITROMICINA HCS,
"",DPB,CLARITROMICINA DOC GENERICI,
"",DPB,CLARITROMICINA PENSA,
"",DPB,WINCLAR,
"",DPB,CLAMODIN,
"",DPB,CLARITROMICINA SANDOZ,
"",DPD,MACLADIN,
"",DPD,VECLAM,
"",DPD,CLARITROMICINA SANDOZ GMBH,
"",DPD,KLACID,
"",DPD,CLARITROMICINA SUN,
"",DPD,CLARITROMICINA SUN PHARMACEUTICAL INDUSTRIES LIMITED,
"",DPE,CLARITROMICINA SUN,
"",DPE,VECLAM,
"",DPE,CLARITROMICINA SUN PHARMACEUTICAL INDUSTRIES LIMITED,
"",DPE,KLACID,
"",DPE,MACLADIN,
"",DPE,WINCLAR,
"",DPE,CLARITROMICINA SANDOZ GMBH,
"",DPF,MACLADIN RM,
"",DPF,VECLAM RM,
"",DPF,KLORENISS,
"",DPF,SORICLAR,
"",DPF,KLACID RM,
"",DPF,CLARITROMICINA EG STADA,
"",DQA,PRAVASELECT,
"",DQA,PRAVASTATINA ALMUS,
"",DQA,PRAVASTATINA MYLAN,
"",DQA,APLACTIN,
"",DQA,PRAVASTATINA EG,
"",DQA,PRAVASTATINA SANDOZ GMBH,
"",DQA,PRAVASTATINA PENSA,
"",DQA,PRASTEROL,
"",DQA,PRAVASTATINA DOC GENERICI,
"",DQA,PRAVASTATINA RATIOPHARM,
"",DQA,PRAVASTATINA AUROBINDO,
"",DQA,PRAVASTATINA SUN,
"",DQA,SANAPRAV,
"",DQA,PRAVASTATINA ZENTIVA,
"",DQB,PRAVASTATINA EG,
"",DQB,PRAVASTATINA ALTER,
"",DQB,PRAVASELECT,
"",DQB,PRAVASTATINA ZENTIVA,
"",DQB,PRAVASTATINA DOC GENERICI,
"",DQB,PRAVASTATINA RATIOPHARM,
"",DQB,APLACTIN,
"",DQB,PRAVASTATINA PENSA,
"",DQB,SANAPRAV,
"",DQB,SETAC,
"",DQB,PRAVASTATINA SUN,
"",DQB,PRAVASTATINA AUROBINDO,
"",DQB,PRAVASTATINA SANDOZ GMBH,
"",DQB,PRAVASTATINA ALMUS,
"",DQB,LANGIPRAV,
"",DQB,PRAVASTATINA MYLAN,
"",DQB,PRASTEROL,
"",DRA,KRUPIL,
"",DRA,RAMIPRIL ARISTO,
"",DRA,NORAPRIL,
"",DRA,RAMIPRIL AUROBINDO,
"",DRA,RAMIPRIL TECNIGEN,
"",DRA,RAMIPRIL RATIOPHARM,
"",DRA,QUARK,
"",DRA,RAMIPRIL SUN,
"",DRA,RAMIPRIL PHARMEG,
"",DRA,RAMIPRIL HEXAL,
"",DRA,RAMIPRIL ALMUS,
"",DRA,ECLIPSE,
"",DRA,RAMIPRIL DOC GENERICI,
"",DRA,TRIATEC,
"",DRA,RAMIPRIL GIT,
"",DRA,RAMIPRIL ZENTIVA,
"",DRA,TRIATEC,
"",DRA,TENSIRAM,
"",DRA,RAMIPRIL SANDOZ,
"",DRA,RAMIPRIL ABC,
"",DRA,RAMIPRIL ACCORD,
"",DRA,HERZATEC,
"",DRA,RAMIPRIL IG FARMACEUTICI,
"",DRA,RAMIPRIL PENSA,
"",DRA,RAMIPRIL MYLAN GENERICS,
"",DRA,UNIPRIL,
"",DRA,RAMIPRIL EG,
"",DRA,RAMIPRIL KRKA,
"",DRB,QUARK,
"",DRB,RAMIPRIL PHARMEG,
"",DRB,RAMIPRIL SANDOZ,
"",DRB,RAMIPRIL SUN,
"",DRB,KRUPIL,
"",DRB,RAMIPRIL ZENTIVA,
"",DRB,RAMIPRIL AUROBINDO,
"",DRB,RAMIPRIL ACCORD,
"",DRB,RAMIPRIL DOC GENERICI,
"",DRB,RAMIPRIL ALMUS,
"",DRB,RAMIPRIL ABC,
"",DRB,NORAPRIL,
"",DRB,UNIPRIL,
"",DRB,RAMIPRIL HEXAL,
"",DRB,RAMIPRIL ARISTO,
"",DRB,TRIATEC,
"",DRB,RAMIPRIL GIT,
"",DRB,RAMIPRIL PENSA,
"",DRB,RAMIPRIL RATIOPHARM,
"",DRB,RAMIPRIL EG,
"",DRB,RAMIPRIL MYLAN GENERICS,
"",DRB,RAMIPRIL KRKA,
"",DRB,RAMIPRIL TECNIGEN,
"",DRB,ECLIPSE,
"",DRB,TRIATEC,
"",DRB,TRIATEC,
"",DRB,TENSIRAM,
"",DRC,HERZATEC,
"",DRC,RAMIPRIL ALMUS,
"",DRC,RAMIPRIL DOC GENERICI,
"",DRC,RAMIPRIL AUROBINDO,
"",DRC,TENSIRAM,
"",DRC,RAMIPRIL PENSA,
"",DRC,RAMIPRIL EG,
"",DRC,RAMIPRIL ABC,
"",DRC,RAMIPRIL GIT,
"",DRC,RAMIPRIL ACCORD,
"",DRC,RAMIPRIL ARISTO,
"",DRC,RAMIPRIL PHARMEG,
"",DRC,ECLIPSE,
"",DRC,RAMIPRIL ZENTIVA,
"",DRC,RAMIPRIL SANDOZ,
"",DRC,RAMIPRIL SUN,
"",DRC,KRUPIL,
"",DRC,RAMIPRIL KRKA,
"",DRC,QUARK,
"",DRC,RAMIPRIL TECNIGEN,
"",DRC,TRIATEC,
"",DRC,NORAPRIL,
"",DRC,UNIPRIL,
"",DRC,TRIATEC,
"",DRC,RAMIPRIL MYLAN GENERICS,
"",DRC,TRIATEC,
"",DRC,RAMIPRIL RATIOPHARM ITALIA,
"",DRC,RAMIPRIL IPSO PHARMA,
"",DRC,TRIATEC,
"",DSA,RAMIPRIL E IDROCLOROTIAZIDE MYLAN GENERICS,
"",DSA,RAMIPRIL E IDROCLOROTIAZIDE PENSA,
"",DSA,RAMIPRIL IDROCLOROTIAZIDE HEXAL,
"",DSA,RAMIPRIL IDROCLOROTIAZIDE RATIOPHARM,
"",DSA,RAMIPRIL IDROCLOROTIAZIDE SANDOZ,
"",DSA,RAMIPRIL E IDROCLOROTIAZIDE ZENTIVA,
"",DSA,RAMIPRIL E IDROCLOROTIAZIDE AUROBINDO,
"",DSA,IDROQUARK,
"",DSA,TRIATEC HCT,
"",DSA,RAMIPRIL E IDROCLOROTIAZIDE KRKA,
"",DSA,RAMIPRIL IDROCLOROTIAZIDE DOC GENERICI,
"",DSA,RAMIPRIL E IDROCLOROTIAZIDE ACCORD,
"",DSA,RAMIPRIL E IDROCLOROTIAZIDE SUN,
"",DSA,KRUPLUS,
"",DSA,RAMIPRIL IDROCLOROTIAZIDE EG STADA,
"",DSA,UNIPRILDIUR,
"",DSB,RAMIPRIL E IDROCLOROTIAZIDE KRKA,
"",DSB,RAMIPRIL E IDROCLOROTIAZIDE EPIFARMA,
"",DSB,HERZAPLUS,
"",DSB,KRUPLUS,
"",DSB,RAMIPRIL E IDROCLOROTIAZIDE PENSA,
"",DSB,RAMIPRIL E IDROCLOROTIAZIDE MYLAN GENERICS,
"",DSB,NORAZIDE,
"",DSB,RAMIPRIL E IDROCLOROTIAZIDE IPSO PHARMA,
"",DSB,RAMIPRIL E IDROCLOROTIAZIDE ACCORD,
"",DSB,IDROQUARK,
"",DSB,RAMIPRIL IDROCLOROTIAZIDE SANDOZ,
"",DSB,RAMIPRIL E IDROCLOROTIAZIDE ZENTIVA,
"",DSB,RAMIPRIL IDROCLOROTIAZIDE RATIOPHARM,
"",DSB,UNIPRILDIUR,
"",DSB,RAMIPRIL E IDROCLOROTIAZIDE PHARMEG,
"",DSB,TRIATEC HCT,
"",DSB,RAMIPRIL IDROCLOROTIAZIDE HEXAL,
"",DSB,RAMIPRIL E IDROCLOROTIAZIDE SUN,
"",DSB,RAMIPRIL IDROCLOROTIAZIDE DOC GENERICI,
"",DSB,RAMIPRIL E IDROCLOROTIAZIDE AUROBINDO,
"",DSB,RAMIPRIL IDROCLOROTIAZIDE EG STADA,
"",DTA,RISPERIDONE MYLAN GENERICS,
"",DTA,RISPERIDONE SANDOZ GMBH,
"",DTA,RISPERDAL,
"",DTA,RISPERIDONE AUROBINDO PHARMA ITALIA,
"",DTB,RISPERIDONE SANDOZ,
"",DTB,RISPERIDONE MYLAN PHARMA,
"",DTB,RISPERIDONE AUROBINDO,
"",DTB,RISPERDAL,
"",DTB,RISPERIDONE TEVA GENERICS,
"",DTC,RISPERIDONE MYLAN PHARMA,
"",DTC,RISPERIDONE TEVA GENERICS,
"",DTC,RISPERDAL,
"",DTC,RISPERIDONE AUROBINDO,
"",DTC,RISPERIDONE SANDOZ,
"",DTD,RISPERIDONE SANDOZ,
"",DTD,RISPERIDONE AUROBINDO,
"",DTD,RISPERIDONE TEVA GENERICS,
"",DTD,RISPERDAL,
"",DTD,RISPERIDONE MYLAN PHARMA,
"",DTE,RISPERIDONE MYLAN PHARMA,
"",DTE,RISPERIDONE AUROBINDO,
"",DTE,RISPERIDONE SANDOZ,
"",DTE,RISPERDAL,
"",DTE,RISPERIDONE TEVA GENERICS,
"",DUA,CEFIXIMA EG,
"",DUA,CEFIXIMA AUROBINDO ITALIA,
"",DUA,SUPRACEF,
"",DUA,CEFIXORAL,
"",DUA,UNIXIME,
"",DUB,SUPRACEF,
"",DUB,CEFIXIMA DOC GENERICI,
"",DUB,UNIXIME,
"",DUB,CEFIXIMA EG,
"",DUB,CEFIXIMA AUROBINDO,
"",DUB,STADIUM,
"",DUB,UNIXIME,
"",DUB,CEFIXORAL,
"",DUB,CEFIXORAL,
"",DWA,XATRAL,
"",DWA,OFUXAL,
"",DWA,ALFUZOSINA SUN,
"",DWA,ALFUZOSINA RATIOPHARM,
"",DWA,ALFUZOSINA AUROBINDO,
"",DWA,ALFUZOSINA SANDOZ,
"",DWA,MITTOVAL,
"",DWA,ALFUZOSINA MYLAN GENERICS,
"",DWA,ALFUZOSINA PENSA,
"",DWA,ALFUZOSINA DOC GENERICI,
"",DWA,ALFUZOSINA EG,
"",DWA,ALFUZOSINA HEXAL,
"",DWA,ALFUZOSINA ZENTIVA,
"",DWA,FARALZIN,
"",DWN,POSACONAZOLO FRESENIUS KABI,
"",DWN,POSACONAZOLO TEVA,
"",DWN,POSACONAZOLO ZENTIVA,
"",DWN,POSACONAZOLO MYLAN PHARMA,
"",DWN,POSACONAZOLO SANDOZ,
"",DWN,POSACONAZOLO ACCORD,
"",DWN,POSACONAZOLO EG STADA,
"",DWN,NOXAFIL,
"",DXA,BIKADER,
"",DXA,MIDELUT,
"",DXA,BICALUTAMIDE TECNIGEN,
"",DXA,CASODEX,
"",DXA,BICALUTAMIDE SUN,
"",DXA,BICALUTAMIDE AHCL,
"",DXA,BICALUTAMIDE DOC GENERICI,
"",DXA,BICALUTAMIDE TEVA,
"",DXA,BICALUTAMIDE RATIOPHARM,
"",DXA,BICALUTAMIDE IBIGEN,
"",DXA,BICALUTAMIDE EG STADA,
"",DXA,BICALUTAMIDE AUROBINDO,
"",DXB,MIDELUT,
"",DXB,BICALUTAMIDE TEVA,
"",DXB,BICALUTAMIDE EG,
"",DXB,BIKADER,
"",DXB,BICALUTAMIDE TECNIGEN,
"",DXB,BICALUTAMIDE RATIOPHARM,
"",DXB,CASODEX,
"",DXB,BICALUTAMIDE SUN,
"",DXB,BICALUTAMIDE DOC GENERICI,
"",DYA,SALBUTAMOLO IPRATROPIO BROMURO EG,
"",DYA,ALMEIDA,
"",DYA,SOSARIA,
"",DYA,NAOS,
"",DYA,BREVA,
"",DYA,INASAL,
"",DZC,ZOFRAN,
"",DZC,ONDANSETRON EG,
"",DZC,SETOFILM,
"",DZC,ONDANSETRONE TEVA,
"",DZC,ZOFRAN,
"",DZC,ONDANSETRONE MYLAN GENERICS,
"",DZD,ONDANSETRON EG,
"",DZD,ZOFRAN,
"",DZD,ONDANSETRONE MYLAN GENERICS,
"",DZD,ONDANSETRONE TEVA,
"",DZD,ZOFRAN,
"",DZD,SETOFILM,
"",E0A,FOSINOPRIL IDROCLOROTIAZIDE DOC GENERICI,
"",E0A,FOSICOMBI,
"",E0A,TENSOZIDE,
"",E0A,FOSINOPRIL IDROCLOROTIAZIDE MYLAN GENERICS,
"",E1A,TELFAST,
"",E1A,FEXOFENADINA OPELLA HEALTHCARE,
"",E1A,TELFAST,
"",E1A,FEXOFENADINA MYLAN GENERICS,
"",E1A,FIXODIN,
"",E1B,TELFAST,
"",E1B,FEXOFENADINA MYLAN GENERICS,
"",E1B,FIXODIN,
"",E1B,FEXOFENADINA OPELLA HEALTHCARE,
"",E2A,TREOJECT,
"",E2A,OCTREOTIDE SUN,
"",E2A,SANDOSTATINA,
"",E2A,SIROCTID,
"",E2B,OCTREOTIDE SUN,
"",E2B,TREOJECT,
"",E2B,SIROCTID,
"",E2C,OCTREOTIDE BIOINDUSTRIA LIM,
"",E2C,OCTREOTIDE SUN,
"",E2D,OCTREOTIDE SUN,
"",E2D,TREOJECT,
"",E2D,SIROCTID,
"",E3A,VENLAFAXINA EG,
"",E3A,VENLAFAXINA AUROBINDO,
"",E3A,EFEXOR,
"",E3A,VENLAFAXINA TEVA ITALIA,
"",E3A,VENLAFAXINA ALTER,
"",E3A,VENLAFAXINA MYLAN GENERICS,
"",E3A,EFEXOR,
"",E3A,IXILANIA,
"",E3A,VENLAFAXINA SANDOZ GMBH,
"",E3A,VENLAFAXINA ZENTIVA,
"",E3A,ZARELIS,
"",E3A,EFEXOR,
"",E3A,VENLAFAXINA EG STADA ITALIA,
"",E3A,VENLAFAXINA DOC GENERICI,
"",E3A,VENLAFAXINA VIATRIS,
"",E3A,VENLAFAXINA SANDOZ,
"",E3B,VENLAFAXINA SANDOZ GMBH,
"",E3B,VENLAFAXINA AUROBINDO,
"",E3B,VENLAFAXINA ZENTIVA,
"",E3B,VENLAFAXINA MYLAN GENERICS,
"",E3B,ZARELIS,
"",E3B,VENLAFAXINA EG STADA ITALIA,
"",E3B,VENLAFAXINA DOC GENERICI,
"",E3B,VENLAFAXINA VIATRIS,
"",E3B,EFEXOR,
"",E3B,EFEXOR,
"",E3B,VENLAFAXINA TEVA ITALIA,
"",E3B,VENLAFAXINA SANDOZ,
"",E3B,VENLAFAXINA ALTER,
"",E3B,VENLAFAXINA EG,
"",E3C,EFEXOR,
"",E3C,VENLAFAXINA SANDOZ GMBH,
"",E3C,ZARELIS,
"",E3C,VENLAFAXINA SANDOZ,
"",E3C,VENLAFAXINA ZENTIVA,
"",E3C,VENLAFAXINA DOC GENERICI,
"",E3C,VENLAFAXINA TEVA ITALIA,
"",E3C,VENLAFAXINA AUROBINDO,
"",E3C,VENLAFAXINA EG STADA ITALIA,
"",E3F,ZARELIS,
"",E3F,VENLAFAXINA EG STADA ITALIA,
"",E4A,TRANDOLAPRIL MYLAN GENERICS,
"",E4A,GOPTEN,
"",E5A,FAMVIR,
"",E5A,FAMCICLOVIR SANDOZ,
"",E5A,FAMCICLOVIR PENSA,
"",E5A,FAMCICLOVIR MYLAN GENERICS,
"",E5A,FAMCICLOVIR TEVA,
"",E5B,COIRGEN,
"",E5B,FAMCICLOVIR TEVA,
"",E5B,FAMCICLOVIR PENSA,
"",E5B,FAMCICLOVIR MYLAN GENERICS,
"",E5B,VILACIR,
"",E5B,FAMCICLOVIR SANDOZ,
"",E5B,FAMVIR,
"",E5B,MACIVIR,
"",E6A,ROPINIROLO MYLAN GENERICS,
"",E6A,REQUIP,
"",E6B,ROPINIROLO MYLAN GENERICS,
"",E6B,REQUIP,
"",E6B,ROPINIROLO EG,
"",E6C,REQUIP,
"",E6C,ROPINIROLO MYLAN GENERICS,
"",E6C,ROPINIROLO EG,
"",E6D,ROPINIROLO EG,
"",E6D,REQUIP,
"",E6D,ROPINIROLO MYLAN GENERICS,
"",E6E,ROPINIROLO MYLAN GENERICS,
"",E6E,REQUIP,
"",E6F,ROPINIROLO KRKA,
"",E6F,ROPINIROLO TEVA,
"",E6F,ROPIRAL,
"",E6F,ROPINIROLO SANDOZ,
"",E6F,ROPINIROLO DOC GENERICI,
"",E6F,REQUIP,
"",E6F,ROPINIROLO MYLAN,
"",E6F,ROPINIROLO EG STADA,
"",E6F,LOPIREN,
"",E6G,ROPINIROLO EG STADA,
"",E6G,ROPINIROLO TEVA,
"",E6G,ROPINIROLO MYLAN,
"",E6G,ROPINIROLO DOC GENERICI,
"",E6G,REQUIP,
"",E6G,ROPIRAL,
"",E6G,LOPIREN,
"",E6G,ROPINIROLO KRKA,
"",E6G,ROPINIROLO SANDOZ,
"",E6H,ROPIRAL,
"",E6H,ROPINIROLO MYLAN,
"",E6H,ROPINIROLO DOC GENERICI,
"",E6H,ROPINIROLO KRKA,
"",E6H,ROPINIROLO EG STADA,
"",E6H,REQUIP,
"",E6H,ROPINIROLO SANDOZ,
"",E6H,LOPIREN,
"",E6H,ROPINIROLO TEVA,
"",E7A,PIPERACILLINA E TAZOBACTAM TEVA,
"",E7A,PIPERACILLINA E TAZOBACTAM KABI,
"",E7A,TAIPER,
"",E7A,LIMERIK,
"",E7A,IBITAZINA,
"",E7A,REPITA,
"",E7A,TEXTAZO,
"",E7A,TAZOPENIL,
"",E7A,PIPERACILLINA E TAZOBACTAM MYLAN GENERICS,
"",E7B,PIPERACILLINA E TAZOBACTAM IBIGEN,
"",E7B,PIPERACILLINA TAZOBACTAM SANDOZ,
"",E7B,PIPERACILLINA E TAZOBACTAM AUROBINDO,
"",E8A,ZINADRIL,
"",E8A,BENAZEPRIL SANDOZ,
"",E8A,CIBACEN,
"",E8A,BENAZEPRIL EG,
"",E8B,BENAZEPRIL SANDOZ,
"",E8B,BENAZEPRIL EG,
"",E8B,ZINADRIL,
"",E8B,CIBACEN,
"",E9A,FLUVASTATINA DOC GENERICI,
"",E9A,FLUVASTATINA AUROBINDO,
"",E9A,LESCOL,
"",E9A,FLUVASTATINA EG,
"",E9A,FLUVASTATINA MYLAN GENERICS,
"",E9A,FLUVASTATINA ZENTIVA,
"",E9A,LIPAXAN,
"",E9A,FLUVASTATINA TEVA,
"",EAA,BENAZEPRIL IDROCLOROTIAZIDE EG,
"",EAA,BENAZEPRIL IDROCLOROTIAZIDE SANDOZ,
"",EAA,ZINADIUR,
"",EAA,CIBADREX,
"",EBA,FELODIPINA ZENTIVA,
"",EBA,PLENDIL,
"",EBA,PREVEX,
"",EBA,FELODIPINA SANDOZ,
"",EBA,FELODIPINA RATIOPHARM,
"",EBA,FELODIPINA MYLAN GENERICS,
"",EBB,PREVEX,
"",EBB,FELODIPINA RATIOPHARM,
"",EBB,FELODIPINA MYLAN GENERICS,
"",EBB,FELODIPINA ZENTIVA,
"",EBB,PLENDIL,
"",EBB,FELODIPINA SANDOZ,
"",ECA,BRIMONIDINA EG,
"",ECA,BRIMONIDINA MYLAN GENERICS,
"",ECA,ALPHAGAN,
"",ECA,ALPHAGAN,
"",ECA,ALPHAGAN,
"",ECA,GLAUBRIM,
"",ECA,BRIMONIDINA OMNIVISION,
"",ECA,ALPHAGAN,
"",ECA,ALPHAGAN,
"",ECA,BRIMONIDINA SANDOZ,
"",ECA,BRIMOFTAL,
"",EDA,PRINZIDE,
"",EDA,LISINOPRIL IDROCLOROTIAZIDE EG,
"",EDA,LISINOPRIL E IDROCLOROTIAZIDE PENSA,
"",EDA,LISINOPRIL IDROCLOROTIAZIDE ZENTIVA,
"",EDA,NALAPRES,
"",EDA,LISINOPRIL E IDROCLOROTIAZIDE DOC GENERICI,
"",EDA,LISINOPRIL IDROCLOROTIAZIDE MYLAN GENERICS,
"",EDA,ZESTORETIC,
"",EDA,LISINOPRIL IDROCLOROTIAZIDE SANDOZ,
"",EDA,LISINOPRIL IDROCLOROTIAZIDE TEVA,
"",EEA,FOSINOPRIL TEVA,
"",EEA,FOSIPRES,
"",EEA,FOSINOPRIL AUROBINDO,
"",EEA,FOSINOPRIL ZENTIVA,
"",EEA,ELITEN,
"",EEA,TENSOGARD,
"",EEA,FOSINOPRIL DOC GENERICI,
"",EFA,GRANISETRON MYLAN GENERICS,
"",EFA,PANDIOL,
"",EFA,KYTRIL,
"",EFB,GRANISETRON MYLAN GENERICS,
"",EFB,PANDIOL,
"",EFB,KYTRIL,
"",EGA,AZITROMICINA MYLAN,
"",EGA,AZITROMICINA TEVA,
"",EGA,ZIMACROL,
"",EGA,AZITROMICINA PENSA,
"",EGA,AZITROMICINA KRKA,
"",EGA,MACROZIT,
"",EGA,AZITROMICINA EG,
"",EGA,AZITROX,
"",EGA,AZITROMICINA ACCORD,
"",EGA,AZITROERRE,
"",EGA,AZITROMICINA ABC,
"",EGA,AZITREDIL,
"",EGA,ZITROMAX,
"",EGA,BATIF,
"",EGA,AZITROMICINA SANDOZ,
"",EGA,REZAN,
"",EGA,AZITROMICINA AUROBINDO,
"",EGA,TETRIS,
"",EGA,AZITROMICINA PFIZER,
"",EGA,AZIPROME,
"",EGA,AZACID,
"",EGA,ZINDEL,
"",EGA,AZITROMICINA ALMUS,
"",EGA,TROZAMIL,
"",EGA,AZITROMICINA PHARMEG,
"",EGA,TROZOCINA,
"",EGA,AZITROMICINA ZENTIVA,
"",EGA,AZITROMICINA DOC GENERICI,
"",EGA,ZITROGRAM,
"",EGA,RIBOTREX,
"",EGA,ZITROBIOTIC,
"",EGA,ZITRONOVA,
"",EGA,AZEPTIN,
"",EGA,PORTEX,
"",EGB,ZITROMAX,
"",EGB,AZITROMICINA TEVA ITALIA,
"",EGB,AZITROMICINA KRKA,
"",EGB,TROZOCINA,
"",EGB,AZITROMICINA PFIZER,
"",EGB,AZITROMICINA EG STADA,
"",EGB,AZITROMICINA MYLAN GENERICS ITALIA,
"",EGB,AZITROMICINA SANDOZ GMBH,
"",EHA,PERINDOPRIL MYLAN GENERICS ITALIA,
"",EHA,COVERSYL,
"",EHA,PERINDOPRIL SANDOZ,
"",EHA,COVERSYL,
"",EHA,PERINDOPRIL SUN,
"",EHA,PERINDOPRIL TEVA ITALIA,
"",EHA,PERINDOPRIL DOC GENERICI,
"",EHA,PERINDOPRIL KRKA,
"",EHA,PERINDOPRIL ALMUS,
"",EHA,PERINDOPRIL TEVA GENERICS,
"",EHA,PERINDOPRIL EG,
"",EHA,PROCAPTAN,
"",EHA,COVERSYL,
"",EHA,PERINDOPRIL SANDOZ,
"",EHB,COVERSYL,
"",EHB,PERINDOPRIL TEVA ITALIA,
"",EHB,COVERSYL,
"",EHB,PERINDOPRIL MYLAN,
"",EHB,PERINDOPRIL EG,
"",EHB,PERINDOPRIL KRKA,
"",EHB,PROCAPTAN,
"",EHB,COVERSYL,
"",EHB,PERINDOPRIL DOC GENERICI,
"",EIA,MOXONIDINA MYLAN GENERICS,
"",EIA,FISIOTENS,
"",EIA,MOXONIDINA EG,
"",EIB,MOXONIDINA EG,
"",EIB,FISIOTENS,
"",EIB,MOXONIDINA MYLAN GENERICS,
"",EIH,ZEBINIX,
"",EIH,ESLICARBAZEPINA DOC,
"",EKA,INFEUR,
"",EKA,FOSFOMICINA EG,
"",EKA,MONURIL,
"",EKA,FOSFOMICINA DOC,
"",EKA,FOSFOMICINA SANDOZ,
"",EKA,DANIFOS,
"",EKA,INTERFOS,
"",EKA,BERNY,
"",EKA,FOSFOMICINA ZENTIVA,
"",EKA,FOSFOMICINA MYLAN,
"",EKA,FOSFOMICINA PENSA,
"",EKA,FOSFOMICINA SUN,
"",EKA,FOSFOMICINA RATIOPHARM,
"",EKA,FOSFOMICINA AUROBINDO,
"",EKA,UROFOS,
"",EKA,FOSFOMICINA ARISTO,
"",ELA,PERINDOPRIL INDAPAMIDE RATIOPHARM,
"",ELA,PERINDOPRIL INDAPAMIDE MYLAN GENERICS,
"",ELA,PRELECTAL,
"",ELA,PRETERAX,
"",ELA,PERINDOPRIL E INDAPAMIDE KRKA,
"",ELA,PERINDOPRIL E INDAPAMIDE TECNIGEN,
"",ELA,PERINDOPRIL INDAPAMIDE TEVA,
"",ELA,PERINDOPRIL E INDAPAMIDE EG,
"",ELA,PERINDOPRIL E INDAPAMIDE SANDOZ,
"",ELB,PRELECTAL,
"",ELB,PERINDOPRIL INDAPAMIDE TEVA,
"",ELB,PERINDOPRIL E INDAPAMIDE EG,
"",ELB,PRETERAX,
"",ELB,PERINDOPRIL E INDAPAMIDE ZENTIVA,
"",ELB,PERINDOPRIL INDAPAMIDE MYLAN GENERICS,
"",ELB,PERINDOPRIL INDAPAMIDE RATIOPHARM,
"",ELB,PERINDOPRIL E INDAPAMIDE TECNIGEN,
"",ELB,PERINDOPRIL E INDAPAMIDE KRKA,
"",ELB,PERINDOPRIL E INDAPAMIDE SANDOZ,
"",ELC,NOLITERAX,
"",ELC,PERINDOPRIL E INDAPAMIDE TEVA ITALIA,
"",ELC,PERINDOPRIL E INDAPAMIDE ZENTIVA,
"",ELC,PERINDOPRIL E INDAPAMIDE SANDOZ,
"",ELC,TERAXANS,
"",ELC,PERINDOPRIL E INDAPAMIDE TECNIGEN,
"",ENA,TOPAMAX,
"",ENA,TOPAMAX,
"",ENA,TOPIRAMATO EG,
"",ENA,TOPIRAMATO MYLAN GENERICS,
"",ENA,TOPIRAMATO AUROBINDO,
"",ENA,TOPIRAMATO DOC GENERICI,
"",ENA,XITOP,
"",ENA,TOPIRAMATO SANDOZ,
"",ENB,XITOP,
"",ENB,TOPIRAMATO MYLAN GENERICS,
"",ENB,TOPIRAMATO SANDOZ,
"",ENB,TOPAMAX,
"",ENB,TOPIRAMATO AUROBINDO,
"",ENB,TOPIRAMATO EG,
"",ENB,TOPIRAMATO DOC GENERICI,
"",ENC,TOPIRAMATO AUROBINDO,
"",ENC,XITOP,
"",ENC,TOPAMAX,
"",ENC,TOPIRAMATO SANDOZ,
"",ENC,TOPIRAMATO EG,
"",ENC,TOPIRAMATO MYLAN GENERICS,
"",ENC,TOPIRAMATO DOC GENERICI,
"",END,TOPIRAMATO DOC GENERICI,
"",END,XITOP,
"",END,TOPAMAX,
"",END,TOPIRAMATO SANDOZ,
"",END,TOPIRAMATO MYLAN GENERICS,
"",END,SINCRONIL,
"",END,TOPIRAMATO AUROBINDO,
"",END,TOPIRAMATO EG,
"",EPA,LERCANIDIPINA AUROBINDO,
"",EPA,LERCANIDIPINA MYLAN ITALIA,
"",EPA,NIDIPRES,
"",EPA,LERCADIP,
"",EPA,LERCANIDIPINA SUN,
"",EPA,LISITENS,
"",EPA,CARDIOVASC,
"",EPA,LERCANIDIPINA ZENTIVA,
"",EPA,LERCANIDIPINA TECNIGEN,
"",EPA,LERCANIDIPINA RATIOPHARM ITALIA,
"",EPA,LERCANIDIPINA DOC GENERICI,
"",EPA,LERCANIDIPINA SUN,
"",EPA,LERCANIDIPINA SANDOZ,
"",EPA,LERCANIDIPINA EG,
"",EPA,ZANEDIP,
"",EPB,LERCADIP,
"",EPB,LERCANIDIPINA EG,
"",EPB,LERCANIDIPINA MYLAN ITALIA,
"",EPB,CARDIOVASC,
"",EPB,LERCANIDIPINA SANDOZ,
"",EPB,LERCANIDIPINA AUROBINDO,
"",EPB,NIDIPRES,
"",EPB,ZANEDIP,
"",EPB,LERCANIDIPINA ZENTIVA,
"",EPB,LERCANIDIPINA SUN,
"",EPB,LERCANIDIPINA TECNIGEN,
"",EPB,LERCANIDIPINA DOC GENERICI,
"",EPB,LERCANIDIPINA SUN,
"",EPB,LERCANIDIPINA RATIOPHARM ITALIA,
"",EPB,LISITENS,
"",EQA,LOSARTAN EG,
"",EQA,NEOLOTAN,
"",EQA,LOSARTAN DOC GENERICI,
"",EQA,LOSARTAN SANDOZ,
"",EQA,LOSARTAN MYLAN GENERICS,
"",EQA,LOSAPREX,
"",EQA,LOSARTAN DOC,
"",EQA,LORTAAN,
"",EQB,LOSARTAN TEVA,
"",EQB,LOSARTAN SUN,
"",EQB,LOSARTAN PENSA,
"",EQB,LOSAPREX,
"",EQB,PRECTEN,
"",EQB,LOSARTAN AHCL,
"",EQB,LOSARTAN DOC GENERICI,
"",EQB,LOSARTAN ALMUS,
"",EQB,LASTAN,
"",EQB,LORTAAN,
"",EQB,LOSARTAN AUROBINDO,
"",EQB,LOSARTAN LABORATORI ALTER,
"",EQB,NEOLOTAN,
"",EQB,LOSARTAN DOC,
"",EQB,LOSARTAN MYLAN GENERICS,
"",EQB,LOSARTAN KRKA,
"",EQB,LOSARTAN EG STADA,
"",EQB,LOSARTAN SANDOZ,
"",EQB,LOSARTAN TECNIGEN,
"",EQB,LOSARTAN EG,
"",EQB,LOSARTAN ZENTIVA,
"",EQC,LOSARTAN DOC GENERICI,
"",EQC,LOSARTAN AHCL,
"",EQC,LORTAAN,
"",EQC,LOSARTAN KRKA,
"",EQC,PRECTEN,
"",EQC,LOSARTAN TECNIGEN,
"",EQC,LOSARTAN SUN,
"",EQC,LOSAPREX,
"",EQC,LASTAN,
"",EQC,LOSARTAN ALMUS,
"",EQC,LOSARTAN AUROBINDO,
"",EQC,LOSARTAN DOC,
"",EQC,LOSARTAN PENSA,
"",EQC,NEOLOTAN,
"",EQC,LOSARTAN EG STADA,
"",EQC,LOSARTAN TEVA,
"",ERA,LOZID,
"",ERA,LOSARTAN IDROCLOROTIAZIDE TEVA,
"",ERA,LOSARTAN E IDROCLOROTIAZIDE KRKA,
"",ERA,PRECTIAZIDE,
"",ERA,LOSARTAN E IDROCLOROTIAZIDE DOC GENERICI,
"",ERA,IPERSART,
"",ERA,LOSARTAN E IDROCLOROTIAZIDE AUROBINDO,
"",ERA,LOSARTAN E IDROCLOROTIAZIDE DOC,
"",ERA,LOSAZID,
"",ERA,LOSARTAN E IDROCLOROTIAZIDE SANDOZ,
"",ERA,LOSARTAN E IDROCLOROTIAZIDE PENSA,
"",ERA,LOSARTAN E IDROCLOROTIAZIDE ZENTIVA ITALIA,
"",ERA,LOSARTAN IDROCLOROTIAZIDE MYLAN GENERICS,
"",ERA,LOSARTAN E IDROCLOROTIAZIDE LABORATORI ALTER,
"",ERA,LOSARTAN E IDROCLOROTIAZIDE SUN,
"",ERA,LOSARTAN E IDROCLOROTIAZIDE EG,
"",ERA,LOSARTAN E IDROCLOROTIAZIDE TECNIGEN,
"",ERA,FORZAAR,
"",ERA,LOSARTAN E IDROCLOROTIAZIDE ALMUS,
"",ERA,NEOLOTAN PLUS,
"",ERB,LOSARTAN E IDROCLOROTIAZIDE KRKA,
"",ERB,LOSARTAN E IDROCLOROTIAZIDE ZENTIVA ITALIA,
"",ERB,IPERSART,
"",ERB,LOSARTAN E IDROCLOROTIAZIDE ALMUS,
"",ERB,NEOLOTAN PLUS,
"",ERB,LOSAZID,
"",ERB,LOSARTAN E IDROCLOROTIAZIDE DOC GENERICI,
"",ERB,LOSARTAN E IDROCLOROTIAZIDE EG,
"",ERB,LOSARTAN E IDROCLOROTIAZIDE PENSA,
"",ERB,HIZAAR,
"",ERB,LOSARTAN E IDROCLOROTIAZIDE TECNIGEN,
"",ERB,LOSARTAN E IDROCLOROTIAZIDE SANDOZ,
"",ERB,LOZID,
"",ERB,PRECTIAZIDE,
"",ERB,LOSARTAN E IDROCLOROTIAZIDE AUROBINDO,
"",ERB,LOSARTAN E IDROCLOROTIAZIDE DOC,
"",ERB,LOSARTAN IDROCLOROTIAZIDE TEVA,
"",ERB,LOSARTAN E IDROCLOROTIAZIDE LABORATORI ALTER,
"",ERB,LOSARTAN IDROCLOROTIAZIDE MYLAN GENERICS,
"",ERB,LOSARTAN E IDROCLOROTIAZIDE SUN,
"",ESA,LEVOCETIRIZINA MYLAN,
"",ESA,LEVOCETIRIZINA EG,
"",ESA,XYZAL,
"",ESA,LEVOCETIRIZINA SANDOZ,
"",ESA,XYZAL,
"",ESA,LEVOCETIRIZINA DOC GENERICI,
"",ESA,LEVOCETIRIZINA AUROBINDO,
"",ESA,LEVOCETIRIZINA KRKA,
"",ESA,LEVOCETIRIZINA PENSA,
"",ESA,LEVOCETIRIZINA TEVA,
"",ETA,VALACICLOVIR AUROBINDO,
"",ETA,VALACICLOVIR MYLAN GENERICS,
"",ETA,VALACICLOVIR EG,
"",ETA,TALAVIR,
"",ETA,ZELITREX,
"",ETA,VALACICLOVIR SANDOZ,
"",ETB,ZELITREX,
"",ETB,VALACICLOVIR MYLAN GENERICS,
"",ETB,VALACICLOVIR SANDOZ,
"",ETB,VALACICLOVIR AUROBINDO,
"",ETB,TALAVIR,
"",EUA,SOLIAN,
"",EUA,AMISULPRIDE EG,
"",EUA,GEALEVIDE,
"",EUA,AMISULPRIDE MYLAN,
"",EUA,AMISULPRIDE DOC,
"",EUB,AMISULPRIDE EG,
"",EUB,GEALEVIDE,
"",EUB,AMISULPRIDE MYLAN,
"",EUB,AMISULPRIDE DOC,
"",EUB,SOLIAN,
"",EVA,CLOBESOL,
"",EVA,CLOBESOL,
"",EVC,CLOBECARE,
"",EVC,ETRIVEX,
"",EWA,PLAVIX,
"",EWA,PLAVIX,
"",EWA,CLOPIDOGREL TAW PHARMA,
"",EWA,CLOPIDOGREL TECNIGEN,
"",EWA,CLOPIDOGREL VIATRIS,
"",EWA,FLODIGREL,
"",EWA,PLAVIX,
"",EWA,CLOPIDOGREL TEVA,
"",EWA,PLAVIX,
"",EWA,AVERELIX,
"",EWA,NOGREG,
"",EWA,CLOPIDOGREL AUROBINDO,
"",EWA,CLOPIDOGREL ALMUS PHARMA,
"",EWA,PLAVIX,
"",EWA,CLOPIDOGREL EG STADA,
"",EWA,CLOPINOVO,
"",EWA,CLOPIDOGREL ZENTIVA,
"",EWA,CLOPIDOGREL DOC GENERICI,
"",EWA,CLOPIDOGREL ALTER,
"",EWA,CLOPIDOGREL SANDOZ GMBH,
"",EWA,ZYLLT,
"",EWA,CLOPIDOGREL KRKA,
"",EWA,PLAVIX,
"",EWA,CLOPIDOGREL PENSA,
"",EWA,CLOPIDOGREL ACTAVIS,
"",EWA,PLAVIX,
"",EWA,CLOPIDOGREL TEVA,
"",EXA,XALOST,
"",EXA,LATANOPROST EG,
"",EXA,LATANOPROST PENSA PHARMA,
"",EXA,LATAY,
"",EXA,LATANOPROST SANDOZ,
"",EXA,LATANOSTILL,
"",EXA,XALATAN,
"",EXA,LATANOPROST MYLAN GENERICS ITALIA,
"",EXA,GALAXIA,
"",EXA,OCULATAX,
"",EXA,IOPIZE,
"",EXA,LATANOPROST AUROBINDO,
"",EXA,LASTAFRY,
"",EXA,LATANOPROST RATIOPHARM ITALIA,
"",EXA,LATANOPROST ZENTIVA,
"",EXA,XALATAN,
"",EXA,DROPLATAN,
"",EXA,LATACRIS,
"",EXA,XALATAN,
"",EXB,XALIBUR,
"",EXB,OCUSYNT,
"",EXB,LATAY,
"",EYA,REPAGLINIDE ZENTIVA,
"",EYA,REPAGLINIDE ACCORD,
"",EYA,THEROFLAN,
"",EYA,NOVONORM,
"",EYA,REPAGLINIDE EG,
"",EYA,NOVONORM,
"",EYA,REPAGLINIDE AUROBINDO,
"",EYA,REPAGLINIDE PENSA,
"",EYA,NOVONORM,
"",EYA,NOVONORM,
"",EYA,REPAGLINIDE KRKA,
"",EYA,REPAGLINIDE SANDOZ,
"",EYA,REPAGLINIDE TEVA,
"",EYA,REPAGLINIDE MYLAN GENERICS,
"",EYA,GLICAM,
"",EYA,REPAGLINIDE DOC GENERICI,
"",EYB,NOVONORM,
"",EYB,REPAGLINIDE KRKA,
"",EYB,REPAGLINIDE AUROBINDO,
"",EYB,REPAGLINIDE TEVA,
"",EYB,NOVONORM,
"",EYB,REPAGLINIDE MYLAN GENERICS,
"",EYB,NOVONORM,
"",EYB,REPAGLINIDE EG,
"",EYB,REPAGLINIDE SANDOZ,
"",EYB,REPAGLINIDE DOC GENERICI,
"",EYB,REPAGLINIDE ZENTIVA,
"",EYB,GLICAM,
"",EYB,REPAGLINIDE PENSA,
"",EYB,REPAGLINIDE ACCORD,
"",EYB,THEROFLAN,
"",EYC,REPAGLINIDE SANDOZ,
"",EYC,REPAGLINIDE MYLAN GENERICS,
"",EYC,REPAGLINIDE ZENTIVA,
"",EYC,REPAGLINIDE DOC GENERICI,
"",EYC,REPAGLINIDE PENSA,
"",EYC,REPAGLINIDE KRKA,
"",EYC,REPAGLINIDE TEVA,
"",EYC,REPAGLINIDE AUROBINDO,
"",EYC,REPAGLINIDE EG,
"",EYC,NOVONORM,
"",EZA,NEBIVOLOLO ZENTIVA,
"",EZA,NEBIVOLOLO PENSA,
"",EZA,NIVOLON,
"",EZA,NEBIVOLOLO KRKA,
"",EZA,NEBIVOLOLO AUROBINDO ITALIA,
"",EZA,NEBIVOLOLO SANDOZ,
"",EZA,NEBIVOLOLO ALTER,
"",EZA,NEBISCON,
"",EZA,NEBILOX,
"",EZA,NEBIVOLOLO TEVA ITALIA,
"",EZA,NEBIVOLOLO EG,
"",EZA,NEBICARD,
"",EZA,NEBIVOLOLO ABC,
"",EZA,LOBIVON,
"",EZA,NOBISTAR,
"",EZA,NEBIVOLOLO SUN,
"",EZA,NEBIVOLOLO DOC,
"",EZA,NEBIVOLOLO TECNIGEN,
"",EZA,LOBIVON,
"",EZA,NEBIVOLOLO MYLAN ITALIA,
"",F0A,LAMIVUDINA AUROBINDO ITALIA,
"",F0A,LAMIVUDINA MYLAN PHARMA,
"",F0A,LAMIVUDINA TEVA,
"",F0A,LAMIVUDINA ACCORD,
"",F0A,ZEFFIX,
"",F1A,BACLOFENE DOC,
"",F1A,LIORESAL,
"",F1A,BACLOFENE MYLAN GENERICS,
"",F2A,RISENCAL,
"",F2A,ACTONEL,
"",F2A,RISECEUS,
"",F2A,RISEDRONATO ACCORD,
"",F2A,VESNAR,
"",F2A,RISEDRONATO MYLAN,
"",F2A,CEDRAVIS,
"",F2A,RISEDRONATO DOC GENERICI,
"",F2A,OPTINATE,
"",F2A,FODREN,
"",F2A,RISECTOL,
"",F2A,RISEDRONATO TECNIGEN,
"",F2A,RISEDRONATO EG,
"",F2A,TREODRIL,
"",F2A,RISEDRONATO SANDOZ,
"",F2A,RISEDRONATO ALTER,
"",F2A,SIMEDRAL,
"",F2A,MEDEOROS,
"",F2A,RISEDRONATO ZENTIVA,
"",F2A,TRIMMER,
"",F2A,RISEDRONATO AUROBINDO,
"",F2A,RISEDRONATO GIT,
"",F2B,RISEDRONATO GIT,
"",F2B,ACTONEL,
"",F2C,RISEDRONATO AUROBINDO,
"",F2C,RISEDRONATO ACCORDPHARMA,
"",F2C,OPTINATE,
"",F2C,ACTONEL,
"",F2C,RISEDRONATO SANDOZ GMBH,
"",F2C,RISEDRONATO MYLAN PHARMA,
"",F2C,RISEDRONATO DOC,
"",F2C,RISEDRONATO EG STADA,
"",F3A,ZITODOR,
"",F3A,DORZOLAMIDE TIMOLOLO ZENTIVA,
"",F3A,DORZOLAMIDE TIMOLOLO EG,
"",F3A,DORZOLAMIDE E TIMOLOLO AUROBINDO,
"",F3A,BETACLAR,
"",F3A,DORTOZ,
"",F3A,COSOPT,
"",F3A,TIDOCOMB,
"",F3A,DORZAMOX,
"",F3A,DORZOLAMIDE E TIMOLOLO MYLAN GENERICS,
"",F3A,DORZOLAMIDE E TIMOLOLO PENSA,
"",F3A,DORZOLAMIDE E TIMOLOLO SANDOZ,
"",F4A,PRAMIPEXOLO MYLAN,
"",F4A,OPRYMEA,
"",F4A,PRAMIPEXOLO ZENTIVA,
"",F4A,PRAMIPEXOLO PENSA,
"",F4A,PRAMIPEXOLO EG,
"",F4A,MIRAPEXIN,
"",F4A,PRAMIPEXOLO TEVA,
"",F4A,PRAMIPEXOLO AUROBINDO,
"",F4B,PRAMIPEXOLO ZENTIVA,
"",F4B,PRAMIPEXOLO MYLAN,
"",F4B,MIRAPEXIN,
"",F4B,OPRYMEA,
"",F4B,PRAMIPEXOLO EG,
"",F4B,PRAMIPEXOLO AUROBINDO,
"",F4B,PRAMIPEXOLO PENSA,
"",F4B,PRAMIPEXOLO TEVA,
"",F4C,PRAMIPEXOLO SANDOZ A/S,
"",F4C,PRAMIPEXOLO MYLAN PHARMA,
"",F4C,PRAMIPEXOLO TEVA ITALIA,
"",F4C,MIRAPEXIN,
"",F4C,PRAMIPEXOLO EG STADA,
"",F4C,PRAMIPERAL,
"",F4C,PRAMIPEXOLO PENSA,
"",F4D,PRAMIPEXOLO DOC,
"",F4D,PRAMIPEXOLO SANDOZ A/S,
"",F4D,PRAMIPEXOLO PENSA,
"",F4D,PRAMIPEXOLO EG STADA,
"",F4D,MIRAPEXIN,
"",F4D,PRAMIPEXOLO TEVA ITALIA,
"",F4D,PRAMIPEXOLO MYLAN PHARMA,
"",F4D,PRAMIPERAL,
"",F4E,PRAMIPERAL,
"",F4E,PRAMIPEXOLO SANDOZ A/S,
"",F4E,PRAMIPEXOLO MYLAN PHARMA,
"",F4E,PRAMIPEXOLO PENSA,
"",F4E,MIRAPEXIN,
"",F4E,PRAMIPEXOLO EG STADA,
"",F4E,PRAMIPEXOLO TEVA ITALIA,
"",F4E,PRAMIPEXOLO DOC,
"",F4F,PRAMIPEXOLO EG STADA,
"",F4F,PRAMIPEXOLO PENSA,
"",F4F,PRAMIPEXOLO MYLAN PHARMA,
"",F4F,PRAMIPEXOLO SANDOZ A/S,
"",F4F,MIRAPEXIN,
"",F4F,PRAMIPERAL,
"",F4F,PRAMIPEXOLO DOC,
"",F4F,PRAMIPEXOLO TEVA ITALIA,
"",F4G,PRAMIPEXOLO PENSA,
"",F4G,MIRAPEXIN,
"",F4G,PRAMIPEXOLO TEVA ITALIA,
"",F4G,PRAMIPEXOLO EG STADA,
"",F4G,PRAMIPEXOLO SANDOZ A/S,
"",F4G,PRAMIPEXOLO MYLAN PHARMA,
"",F5A,REBETOL,
"",F5A,RIBAVIRINA AUROBINDO,
"",F6A,CELLCEPT,
"",F6A,MYFENAX,
"",F6A,MICOFENOLATO MOFETILE SANDOZ,
"",F6A,MICOFENOLATO MOFETILE AHCL,
"",F6A,MICOFENOLATO MOFETILE TILLOMED,
"",F6B,CELLCEPT,
"",F6B,MYFENAX,
"",F6B,MICOFENOLATO MOFETILE TILLOMED ITALIA,
"",F6B,MICOFENOLATO MOFETILE ACCORD,
"",F6C,MYFORTIC,
"",F6C,ACIDO MICOFENOLICO ACCORD,
"",F6C,CEPTAVA,
"",F6D,CEPTAVA,
"",F6D,MYFORTIC,
"",F6D,ACIDO MICOFENOLICO ACCORD,
"",F7A,ANASTROZOLO SANDOZ,
"",F7A,ANASTROZOLO AUROBINDO,
"",F7A,RAOLOZ,
"",F7A,ANASTROZOLO MYLAN GENERICS,
"",F7A,RENAZOLE,
"",F7A,ERISTROL,
"",F7A,ANASTROZOLO ZENTIVA,
"",F7A,ADIUNASTROL,
"",F7A,ARIMIDEX,
"",F7A,ANASTROZOLO PENSA,
"",F7A,ARIMIDEX,
"",F7A,ANASTROZOLO DOC GENERICI,
"",F7A,ANASTROZOLO ALTER,
"",F7A,GRISET,
"",F7A,ANASTROZOLO TEVA,
"",F7A,ANASTROZOLO EG,
"",F7A,ANASTROZOLO AUROBINDO ITALIA,
"",F7A,ANASTROZOLO SUN,
"",F7A,ANTABREST,
"",F7A,EXTROPLEX,
"",F8A,TEMOZOLOMIDE ACCORD,
"",F8A,TEMODAL,
"",F8A,TEMOZOLOMIDE TEVA,
"",F8A,TEMOZOLOMIDE SUN,
"",F8A,TEMOMEDAC,
"",F8B,TEMOZOLOMIDE TEVA,
"",F8B,TEMOZOLOMIDE SUN,
"",F8B,TEMOZOLOMIDE ACCORD,
"",F8B,TEMODAL,
"",F8B,TEMOMEDAC,
"",F8C,TEMOZOLOMIDE TEVA,
"",F8C,TEMOMEDAC,
"",F8C,TEMOZOLOMIDE SUN,
"",F8C,TEMODAL,
"",F8C,TEMOZOLOMIDE ACCORD,
"",F8D,TEMOZOLOMIDE TEVA,
"",F8D,TEMODAL,
"",F8D,TEMOZOLOMIDE SUN,
"",F8D,TEMOMEDAC,
"",F8D,TEMOZOLOMIDE ACCORD,
"",F8E,TEMOZOLOMIDE ACCORD,
"",F8E,TEMODAL,
"",F8E,TEMOZOLOMIDE TEVA,
"",F8E,TEMOMEDAC,
"",F8E,TEMOZOLOMIDE SUN,
"",F8F,TEMOZOLOMIDE TEVA,
"",F8F,TEMOMEDAC,
"",F8F,TEMOZOLOMIDE ACCORD,
"",F8F,TEMOZOLOMIDE SUN,
"",F9A,IPERTEN,
"",F9A,MANIDIPINA ZENTIVA,
"",F9A,MANIDIPINA SANDOZ,
"",F9A,MANIDIPINA DOC GENERICI,
"",F9A,ERREMAN,
"",F9A,MANIDIPINA ALMUS,
"",F9A,MANIDIPINA MYLAN GENERICS,
"",F9A,MANIDIPINA TEVA,
"",F9A,VASCOMAN,
"",F9A,MANIDIPINA EG,
"",FAA,LOVASTATINA DOC,
"",FAA,LOVASTATINA MYLAN PHARMA,
"",FAA,LOVINACOR,
"",FAA,LOVASTATINA TEVA,
"",FAA,LOVASTATINA EG,
"",FAA,TAVACOR,
"",FAA,REXTAT,
"",FAB,TAVACOR,
"",FAB,LOVASTATINA DOC,
"",FAB,LOVASTATINA MYLAN PHARMA,
"",FAB,LOVASTATINA EG,
"",FAB,REXTAT,
"",FAB,LOVINACOR,
"",FAB,LOVASTATINA TEVA,
"",FBA,LEVODOPA BENSERAZIDE TEVA ITALIA,
"",FBA,MADOPAR,
"",FCA,DORZONORM,
"",FCA,DORZOCLAR,
"",FCA,TRUSOPT,
"",FCA,DORZOLAMIDE MYLAN GENERICS,
"",FCA,ZOLIOP,
"",FCA,DORZOSTILL,
"",FCA,DORZOLAMIDE AUROBINDO,
"",FEA,DIAGLIMET,
"",FEA,GLICOREST,
"",FEA,GLICONORM,
"",FFA,CEFPODOXIMA SANDOZ,
"",FFA,CEFODOX,
"",FFA,CEFPODOXIMA MYLAN,
"",FFA,OTREON,
"",FFA,ORELOX,
"",FFA,PROXEDOX,
"",FFB,OTREON,
"",FFB,PROXEDOX,
"",FFB,CEFPODOXIMA MYLAN,
"",FFB,CEFODOX,
"",FFB,ORELOX,
"",FFB,CEFPODOXIMA SANDOZ,
"",FFC,CEFPODOXIMA SANDOZ,
"",FFC,ORELOX,
"",FFC,CEFODOX,
"",FFC,PROXEDOX,
"",FFC,CEFPODOXIMA MYLAN,
"",FFC,OTREON,
"",FGA,TAVANIC,
"",FGA,LEVOXIGRAM,
"",FGA,LEVOFLOXACINA AUROBINDO,
"",FGA,ARANDA,
"",FGA,LEVOFLOXACINA KRKA,
"",FGA,LEVOFLOXACINA MYLAN GENERICS ITALIA,
"",FGA,LEVOFLOXACINA ABC,
"",FGA,LEVOFLOXACINA GIT,
"",FGA,LEVOFLOXACINA ARISTO,
"",FGA,LEVOFLOXACINA SUN,
"",FGA,PRIXAR,
"",FGA,LEVOXACIN,
"",FGA,LEVOFLOXACINA EG,
"",FGA,LEVOFLOXACINA ALMUS,
"",FGA,LEVOFLOXACINA SANDOZ,
"",FGB,KLEKTICA,
"",FGB,LEVOFLOXACINA AUROBINDO,
"",FGB,GRAY,
"",FGB,AGILEV,
"",FGB,ARANDA,
"",FGB,LEVOFLOXACINA ARISTO,
"",FGB,BATIFLOX,
"",FGB,LEVOFLOXACINA ABC,
"",FGB,LEVOFLOXACINA MYLAN GENERICS ITALIA,
"",FGB,ALVAND,
"",FGB,LEVOFLOXACINA EG,
"",FGB,LEVOFLOXACINA GIT,
"",FGB,LEVOFLOXACINA ZENTIVA,
"",FGB,LEMAXIL,
"",FGB,FINDATUR,
"",FGB,LEVOFLOXACINA KRKA,
"",FGB,SINEFLOX,
"",FGB,LEVOXIGRAM,
"",FGB,LEVOFLOXACINA PENSA PHARMA,
"",FGB,LEVOFLOXACINA ALTER,
"",FGB,LEVOFLOXACINA TECNIGEN ITALIA,
"",FGB,LEVOFLOXACINA TEVA,
"",FGB,FALEV,
"",FGB,ALLGRAM,
"",FGB,EPIFLOXIN,
"",FGB,SUMMAFLOX,
"",FGB,LEVOFLOXACINA ACCORD,
"",FGB,TAVANIC,
"",FGB,TRISSIL,
"",FGB,LEVOXACIN,
"",FGB,LEVOFLOXACINA SANDOZ,
"",FGB,LEVOBAT,
"",FGB,LEVOFLOXACINA SUN,
"",FGB,PRIXAR,
"",FGB,LEVOFLOXACINA DOC,
"",FGB,LEVOFLOXACINA ALMUS,
"",FHA,TACNI,
"",FHA,ADOPORT,
"",FHA,PROGRAF,
"",FHB,ADOPORT,
"",FHB,PROGRAF,
"",FHB,TACNI,
"",FHC,PROGRAF,
"",FHC,ADOPORT,
"",FHC,TACNI,
"",FHE,CARELIMUS,
"",FHE,TAKROZEM,
"",FHE,PROTOPIC,
"",FHG,CARELIMUS,
"",FHG,PROTOPIC,
"",FHG,TAKROZEM,
"",FHI,TACFORIUS,
"",FHI,CONFEROPORT,
"",FHI,ADVAGRAF,
"",FHJ,CONFEROPORT,
"",FHJ,TACFORIUS,
"",FHJ,ADVAGRAF,
"",FHK,ADVAGRAF,
"",FHK,TACFORIUS,
"",FHK,CONFEROPORT,
"",FHL,TACFORIUS,
"",FHL,ADVAGRAF,
"",FHL,CONFEROPORT,
"",FIA,AROMASIN,
"",FIA,MEXABREST,
"",FIA,AROMASIN,
"",FIA,EXEMESTANE ZENTIVA,
"",FIA,AROMASIN,
"",FIA,EXEMESTANE DOC GENERICI,
"",FIA,EXEMESTANE MYLAN GENERICS,
"",FIA,MESTANE,
"",FIA,EXEMESTANE EG,
"",FIA,EXEMESTANE TEVA,
"",FIA,NAXESTAN,
"",FIA,EXEMESTANE SANDOZ,
"",FIA,EXEGEN,
"",FIA,NIBESTAN,
"",FIA,AXELTA,
"",FJA,BIFRIL,
"",FJA,ZOFENOPRIL MYLAN GENERICS,
"",FJA,ZOFENOPRIL DOC GENERICI,
"",FJA,ZOFENOPRIL EG,
"",FJA,ZOPRANOL,
"",FJA,ZANTIPRES,
"",FLA,CALANTHA,
"",FLA,BRESTORAL,
"",FLA,LETROZOLO TECNIGEN,
"",FLA,LETROZOLO DOC GENERICI,
"",FLA,LETROZOLO MYLAN GENERICS,
"",FLA,LETROZOLO TEVA,
"",FLA,LETROZOLO SUN,
"",FLA,LETROZOLO EG,
"",FLA,FEMARA,
"",FLA,GOSURAN,
"",FLA,FEMARA,
"",FLA,LETROZOLO ALMUS,
"",FLA,FEMARA,
"",FLA,LETROZOLO AUROBINDO,
"",FLA,LETROZOLO ALTER,
"",FLA,LETROZOLO PENSA,
"",FLA,LETRIX,
"",FLA,FEMARA,
"",FLA,LETROZOLO SANDOZ,
"",FLA,RAMATES,
"",FLA,RAZIOLET,
"",FLA,LETROZOLO ZENTIVA,
"",FLA,ZOLOBREST,
"",FLA,ZOLTRON,
"",FMA,LACIDIPINA MYLAN PHARMA,
"",FMA,VIAPRES,
"",FMA,LACIREX,
"",FMA,LADIP,
"",FMA,LACIDIPINA DOC GENERICI,
"",FMA,APONIL,
"",FMA,LACIDIPINA TEVA,
"",FMA,LACIPIL,
"",FMA,LACIPIL,
"",FMA,LACIDIPINA TECNIGEN,
"",FMA,LACIDIPINA EG,
"",FMA,LACIPIL,
"",FMB,LACIDIPINA TECNIGEN,
"",FMB,LACIPIL,
"",FMB,APONIL,
"",FMB,LACIDIPINA DOC GENERICI,
"",FMB,LACIREX,
"",FMB,VIAPRES,
"",FMB,LACIDIPINA EG,
"",FMB,LACIDIPINA MYLAN PHARMA,
"",FMB,LADIP,
"",FNA,OLANZAPINA DOC GENERICI,
"",FNA,OLANZAPINA ZENTIVA,
"",FNA,OLANZAPINA SANDOZ,
"",FNA,OLANZAPINA LILLY,
"",FNA,OLANZAPINA MYLAN,
"",FNA,OLANZAPINA ACCORD,
"",FNA,OLANZAPINA SUN,
"",FNA,FARPENTA,
"",FNA,OLANZAPINA TEVA,
"",FNA,OLANZAPINA AUROBINDO,
"",FNA,OLANZAPINA EG,
"",FNA,ZYPREXA,
"",FNA,OLANZAPINA PENSA,
"",FNB,FARPENTA,
"",FNB,OLANZAPINA SUN,
"",FNB,OLANZAPINA PENSA PHARMA,
"",FNB,OLANZAPINA MYLAN,
"",FNB,OLANZAPINA ACCORD,
"",FNB,OLANZAPINA TEVA,
"",FNB,OLANZAPINA DOC GENERICI,
"",FNB,OLANZAPINA MYLAN PHARMA,
"",FNB,ZYPREXA VELOTAB,
"",FNB,OLANZAPINA ZENTIVA,
"",FNB,ZYPREXA VELOTAB,
"",FNB,OLANZAPINA EG,
"",FNB,OLANZAPINA LILLY,
"",FNB,ZALASTA,
"",FNB,OLANZAPINA LILLY,
"",FNB,LAZAPIR,
"",FNB,OLANZAPINA ZENTIVA,
"",FNB,OLANZAPINA PENSA,
"",FNB,FARPENTA,
"",FNB,OLANZAPINA AUROBINDO PHARMA ITALIA,
"",FNB,ZYPREXA,
"",FNB,OLANZAPINA EG STADA,
"",FNB,ZALASTA,
"",FNB,OLANZAPINA SANDOZ,
"",FNB,OLANZAPINA AUROBINDO,
"",FNB,OLANZAPINA DOC GENERICI,
"",FNB,ZYPREXA VELOTAB,
"",FNB,OLANZAPINA SUN,
"",FNB,OLANZAPINA TEVA,
"",FNB,OLANZAPINA MYLAN,
"",FNC,OLANZAPINA SANDOZ,
"",FNC,OLANZAPINA TEVA,
"",FNC,OLANZAPINA ZENTIVA,
"",FNC,OLANZAPINA ZENTIVA,
"",FNC,OLANZAPINA LILLY,
"",FNC,ZALASTA,
"",FNC,FARPENTA,
"",FNC,OLANZAPINA LILLY,
"",FNC,FARPENTA,
"",FNC,OLANZAPINA PENSA,
"",FNC,OLANZAPINA SUN,
"",FNC,ZYPREXA,
"",FNC,OLANZAPINA ACCORD,
"",FNC,ZYPREXA VELOTAB,
"",FNC,OLANZAPINA PENSA PHARMA,
"",FNC,LAZAPIR,
"",FNC,OLANZAPINA MYLAN,
"",FNC,OLANZAPINA EG,
"",FNC,OLANZAPINA EG STADA,
"",FNC,OLANZAPINA AUROBINDO PHARMA ITALIA,
"",FNC,OLANZAPINA AUROBINDO,
"",FNC,OLANZAPINA MYLAN PHARMA,
"",FNC,OLANZAPINA TEVA,
"",FNC,ZALASTA,
"",FNC,OLANZAPINA SUN,
"",FNC,OLANZAPINA DOC GENERICI,
"",FNC,OLANZAPINA DOC GENERICI,
"",FOA,NALOREX,
"",FOA,NALTREXONE ACCORD HEALTHCARE,
"",FPA,VALSARTAN SANDOZ,
"",FPA,RIXIL,
"",FPA,VALSARTAN HCS,
"",FPA,VALSARTAN DOC GENERICI,
"",FPA,VALSARTAN ZENTIVA,
"",FPA,VALSARTAN ALMUS,
"",FPA,VALSARTAN TECNIGEN,
"",FPA,VALSARTAN MYLAN GENERICS,
"",FPA,VALSARTAN PENSA,
"",FPA,TAREG,
"",FPA,VALPRESSION,
"",FPA,VALSARTAN SUN,
"",FPA,VALSARTAN EG,
"",FPB,VALSARTAN PENSA,
"",FPB,RIXIL,
"",FPB,VALSARTAN SUN,
"",FPB,VALSARTAN TEVA ITALIA,
"",FPB,VALSARTAN ALTER,
"",FPB,VALSARTAN HCS,
"",FPB,VALSARTAN SANDOZ,
"",FPB,TAREG,
"",FPB,VALSARTAN DOC GENERICI,
"",FPB,VALSARTAN ALMUS,
"",FPB,VALSARTAN TECNIGEN,
"",FPB,VALPRESSION,
"",FPB,ALSARTIR,
"",FPB,PRESSLOVAL,
"",FPB,VALSARTAN MYLAN GENERICS ITALIA,
"",FPB,VALSARTAN EG,
"",FPB,VALSARTAN ZENTIVA,
"",FPC,VALSARTAN DOC GENERICI,
"",FPC,VALSARTAN SUN,
"",FPC,VALPRESSION,
"",FPC,VALSARTAN SANDOZ,
"",FPC,PRESSLOVAL,
"",FPC,VALSARTAN TEVA ITALIA,
"",FPC,VALSARTAN MYLAN GENERICS ITALIA,
"",FPC,VALSARTAN ZENTIVA,
"",FPC,VALSARTAN ALMUS,
"",FPC,ALSARTIR,
"",FPC,VALSARTAN ALTER,
"",FPC,TAREG,
"",FPC,VALSARTAN HCS,
"",FPC,VALSARTAN EG,
"",FPC,RIXIL,
"",FPC,VALSARTAN PENSA,
"",FPC,VALSARTAN TECNIGEN,
"",FPD,VALPRESSION,
"",FPD,VALSARTAN SANDOZ,
"",FPD,VALSARTAN EG,
"",FPD,VALSARTAN ALTER,
"",FPD,VALSARTAN TECNIGEN,
"",FPD,VALSARTAN ZENTIVA,
"",FPD,VALSARTAN HCS,
"",FPD,VALSARTAN MYLAN GENERICS,
"",FPD,TAREG,
"",FPD,VALSARTAN DOC GENERICI,
"",FPD,RIXIL,
"",FPD,VALSARTAN MAXMIND,
"",FQA,VALSARTAN E IDROCLOROTIAZIDE SANDOZ,
"",FQA,VALBACOMP,
"",FQA,VALSARTAN E IDROCLOROTIAZIDE SUN,
"",FQA,VALSARTAN E IDROCLOROTIAZIDE ALMUS,
"",FQA,COTAREG,
"",FQA,VALSARTAN E IDROCLOROTIAZIDE MYLAN,
"",FQA,VALSARTAN E IDROCLOROTIAZIDE AUROBINDO,
"",FQA,CORIXIL,
"",FQA,VALSARTAN E IDROCLOROTIAZIDE ZENTIVA,
"",FQA,VALIDROC,
"",FQA,VALSARTAN E IDROCLOROTIAZIDE DOC GENERICI,
"",FQA,VALSARTAN E IDROCLOROTIAZIDE EG,
"",FQA,VALSARTAN E IDROCLOROTIAZIDE TEVA ITALIA,
"",FQA,COMBISARTAN,
"",FQA,VALSARTAN E IDROCLOROTIAZIDE HCS,
"",FQB,VALSARTAN E IDROCLOROTIAZIDE EG,
"",FQB,VALSARTAN E IDROCLOROTIAZIDE SANDOZ,
"",FQB,COMBISARTAN,
"",FQB,VALSARTAN E IDROCLOROTIAZIDE DOC GENERICI,
"",FQB,COTAREG,
"",FQB,VALIDROC,
"",FQB,VALSARTAN E IDROCLOROTIAZIDE TECNIGEN,
"",FQB,VALSARTAN E IDROCLOROTIAZIDE TEVA,
"",FQB,VALSARTAN E IDROCLOROTIAZIDE AUROBINDO,
"",FQB,VALSARTAN E IDROCLOROTIAZIDE MYLAN,
"",FQB,VALSARTAN E IDROCLOROTIAZIDE ALMUS,
"",FQB,VALSARTAN E IDROCLOROTIAZIDE HCS,
"",FQB,VALSARTAN E IDROCLOROTIAZIDE PENSA PHARMA,
"",FQB,VALSARTAN E IDROCLOROTIAZIDE ZENTIVA ITALIA,
"",FQB,VALBACOMP,
"",FQB,CORIXIL,
"",FQB,VALSARTAN E IDROCLOROTIAZIDE SUN,
"",FQC,VALSARTAN E IDROCLOROTIAZIDE PENSA PHARMA,
"",FQC,VALBACOMP,
"",FQC,VALSARTAN E IDROCLOROTIAZIDE HCS,
"",FQC,VALSARTAN E IDROCLOROTIAZIDE ALMUS,
"",FQC,COMBISARTAN,
"",FQC,CORIXIL,
"",FQC,VALSARTAN E IDROCLOROTIAZIDE DOC GENERICI,
"",FQC,VALSARTAN E IDROCLOROTIAZIDE ZENTIVA,
"",FQC,VALSARTAN E IDROCLOROTIAZIDE EG,
"",FQC,VALSARTAN E IDROCLOROTIAZIDE TECNIGEN,
"",FQC,VALSARTAN E IDROCLOROTIAZIDE SANDOZ,
"",FQC,COTAREG,
"",FQC,VALSARTAN E IDROCLOROTIAZIDE TEVA ITALIA,
"",FQC,VALSARTAN E IDROCLOROTIAZIDE MYLAN,
"",FQC,VALIDROC,
"",FQC,VALSARTAN E IDROCLOROTIAZIDE AUROBINDO,
"",FQD,VALSARTAN E IDROCLOROTIAZIDE HCS,
"",FQD,VALSARTAN E IDROCLOROTIAZIDE TECNIGEN,
"",FQD,CORIXIL,
"",FQD,VALSARTAN E IDROCLOROTIAZIDE EG,
"",FQD,COMBISARTAN,
"",FQD,VALBACOMP,
"",FQD,VALSARTAN E IDROCLOROTIAZIDE SANDOZ,
"",FQD,VALSARTAN E IDROCLOROTIAZIDE DOC GENERICI,
"",FQD,VALSARTAN E IDROCLOROTIAZIDE TEVA PHARMA,
"",FQD,VALSARTAN E IDROCLOROTIAZIDE ZENTIVA ITALIA,
"",FQD,VALSARTAN E IDROCLOROTIAZIDE MYLAN,
"",FQD,VALSARTAN E IDROCLOROTIAZIDE AUROBINDO,
"",FQD,COTAREG,
"",FQE,VALSARTAN E IDROCLOROTIAZIDE TEVA PHARMA,
"",FQE,VALSARTAN E IDROCLOROTIAZIDE EG,
"",FQE,VALSARTAN E IDROCLOROTIAZIDE AUROBINDO,
"",FQE,VALSARTAN E IDROCLOROTIAZIDE ZENTIVA ITALIA,
"",FQE,VALSARTAN E IDROCLOROTIAZIDE DOC GENERICI,
"",FQE,COMBISARTAN,
"",FQE,COTAREG,
"",FQE,CORIXIL,
"",FQE,VALSARTAN E IDROCLOROTIAZIDE SANDOZ,
"",FQE,VALSARTAN E IDROCLOROTIAZIDE MYLAN,
"",FQE,VALSARTAN E IDROCLOROTIAZIDE TECNIGEN,
"",FQE,VALSARTAN E IDROCLOROTIAZIDE HCS,
"",FQE,VALBACOMP,
"",FRA,LEFLUNOMIDE MYLAN,
"",FRA,LEFLUNOMIDE SANDOZ,
"",FRA,ARAVA,
"",FRA,LEFLUNOMIDE ZENTIVA,
"",FRA,LEFLUNOMIDE MEDAC,
"",FSA,DESTEZIL,
"",FSA,DONEPEZIL ACCORD,
"",FSA,BLIXIE,
"",FSA,ARICEPT,
"",FSA,ARICEPT,
"",FSA,DONEPEZIL MYLAN GENERICS,
"",FSA,DONEPEZIL DOC GENERICI,
"",FSA,DONEPEZIL SANDOZ,
"",FSA,DONEPEZIL AUROBINDO,
"",FSA,DONEPEZIL ZENTIVA,
"",FSA,MEMAC,
"",FSA,DONEPEZIL EG,
"",FSA,YASNORO,
"",FSA,LIZIDRA,
"",FSA,DONEPEZIL SUN,
"",FSA,DONEPEZIL MYLAN GENERICS ITALIA,
"",FSA,DONEPEZIL ALTER,
"",FSA,YASNAL,
"",FSA,DONEPEZIL TEVA,
"",FSA,DONEPEZIL ALMUS,
"",FSB,BLIXIE,
"",FSB,ARICEPT,
"",FSB,DONEPEZIL ZENTIVA,
"",FSB,YASNAL,
"",FSB,DONEPEZIL ALTER,
"",FSB,DONEPEZIL EG,
"",FSB,DESTEZIL,
"",FSB,DONEPEZIL ALMUS,
"",FSB,DONEPEZIL TEVA,
"",FSB,DONEPEZIL ACCORD,
"",FSB,LIZIDRA,
"",FSB,YASNORO,
"",FSB,ARICEPT,
"",FSB,DONEPEZIL SUN,
"",FSB,MEMAC,
"",FSB,DONEPEZIL MYLAN GENERICS,
"",FSB,DONEPEZIL MYLAN GENERICS ITALIA,
"",FSB,DONEPEZIL SANDOZ,
"",FSB,DONEPEZIL AUROBINDO,
"",FSB,DONEPEZIL DOC GENERICI,
"",FTA,ATORVASTATINA SUN,
"",FTA,TORVACOL,
"",FTA,ATORVASTATINA PENSA,
"",FTA,ATORVASTATINA ZENTIVA ITALIA,
"",FTA,TOVANIRA,
"",FTA,ATORVASTATINA TEVA ITALIA,
"",FTA,TAXAT,
"",FTA,VASTAT,
"",FTA,ATORVASTATINA MYLAN GENERICS ITALIA,
"",FTA,ATORVASTATINA VIATRIS,
"",FTA,ATORVASTATINA GIT,
"",FTA,ATORVASTATINA SANDOZ,
"",FTA,ATORVASTATINA NISURA,
"",FTA,ATORVASTATINA AUROBINDO,
"",FTA,ATORVASTATINA DOC,
"",FTA,ATORVASTATINA ABC,
"",FTA,TOTALIP,
"",FTA,ATORIS,
"",FTA,ATORVASTATINA ALTER,
"",FTA,MELEMIB,
"",FTA,OMEGASTATIN,
"",FTA,ATORVASTATINA TECNIGEN,
"",FTA,ATORVASTATINA EG,
"",FTA,ARKAS,
"",FTA,SOPAVI,
"",FTA,ATORVASTATINA ALMUS PHARMA,
"",FTA,ATORVASTATINA ACCORD,
"",FTA,ATORVASTATINA ARISTO PHARMA,
"",FTA,TORVAST,
"",FTA,ATORVASTATINA KRKA,
"",FTA,ATORVASTATINA DOCGEN,
"",FTA,ATORVASTATINA SANDOZ GMBH,
"",FTA,KOLESTER,
"",FTB,OMEGASTATIN,
"",FTB,ATORVASTATINA SUN,
"",FTB,ATORVASTATINA DOCGEN,
"",FTB,TOVANIRA,
"",FTB,ATORVASTATINA VIATRIS,
"",FTB,ATORVASTATINA ZENTIVA ITALIA,
"",FTB,ARKAS,
"",FTB,ATORVASTATINA TECNIGEN,
"",FTB,ATORVASTATINA DOC,
"",FTB,ATORVASTATINA ARISTO PHARMA,
"",FTB,TAXAT,
"",FTB,ATORVASTATINA ALTER,
"",FTB,ATORVASTATINA PENSA,
"",FTB,MELEMIB,
"",FTB,TORVAST,
"",FTB,ATORVASTATINA NISURA,
"",FTB,TOTALIP,
"",FTB,ATORVASTATINA TEVA ITALIA,
"",FTB,TORVACOL,
"",FTB,ATORVASTATINA ALMUS PHARMA,
"",FTB,ATORVASTATINA SANDOZ GMBH,
"",FTB,ATORVASTATINA AUROBINDO,
"",FTB,ATORVASTATINA GIT,
"",FTB,KOLESTER,
"",FTB,ATORVASTATINA MYLAN GENERICS ITALIA,
"",FTB,ATORVASTATINA SANDOZ,
"",FTB,ATORIS,
"",FTB,ATORVASTATINA ABC,
"",FTB,ATORVASTATINA KRKA,
"",FTB,ATORVASTATINA EG,
"",FTB,ATORVASTATINA ACCORD,
"",FTB,SOPAVI,
"",FTB,VASTAT,
"",FTC,ATORVASTATINA ZENTIVA ITALIA,
"",FTC,KOLESTER,
"",FTC,ATORVASTATINA SUN,
"",FTC,TOTALIP,
"",FTC,ATORVASTATINA MYLAN GENERICS ITALIA,
"",FTC,ATORVASTATINA ALMUS PHARMA,
"",FTC,ATORVASTATINA AUROBINDO,
"",FTC,ATORVASTATINA PENSA,
"",FTC,ATORVASTATINA TEVA ITALIA,
"",FTC,ATORVASTATINA ACCORD,
"",FTC,VASTAT,
"",FTC,ATORVASTATINA ALTER,
"",FTC,TOVANIRA,
"",FTC,ATORVASTATINA SANDOZ GMBH,
"",FTC,ATORVASTATINA NISURA,
"",FTC,ATORVASTATINA DOC,
"",FTC,TORVACOL,
"",FTC,MELEMIB,
"",FTC,ATORVASTATINA VIATRIS,
"",FTC,ATORVASTATINA DOCGEN,
"",FTC,TORVAST,
"",FTC,SOPAVI,
"",FTC,ATORVASTATINA SANDOZ,
"",FTC,TAXAT,
"",FTC,ATORVASTATINA GIT,
"",FTC,ATORVASTATINA ARISTO PHARMA,
"",FTC,ARKAS,
"",FTC,ATORVASTATINA KRKA,
"",FTC,ATORIS,
"",FTC,ATORVASTATINA EG,
"",FTC,OMEGASTATIN,
"",FTC,ATORVASTATINA ABC,
"",FTC,ATORVASTATINA TECNIGEN,
"",FTD,ATORVASTATINA MYLAN GENERICS ITALIA,
"",FTD,ATORVASTATINA EG,
"",FTD,ATORVASTATINA ALMUS PHARMA,
"",FTD,ATORVASTATINA SUN,
"",FTD,ATORVASTATINA ABC,
"",FTD,ATORVASTATINA ARISTO PHARMA,
"",FTD,ATORVASTATINA PENSA,
"",FTD,ATORVASTATINA ACCORD,
"",FTD,ATORVASTATINA TEVA ITALIA,
"",FTD,ATORVASTATINA ZENTIVA ITALIA,
"",FTD,ATORVASTATINA DOCGEN,
"",FTD,ATORVASTATINA DOC,
"",FTD,TORVAST,
"",FTD,ATORVASTATINA AUROBINDO,
"",FTD,ATORVASTATINA SANDOZ GMBH,
"",FTD,ATORVASTATINA VIATRIS,
"",FTD,TOTALIP,
"",FTD,ATORIS,
"",FTE,TORVAST,
"",FTE,ATORVASTATINA TEVA ITALIA,
"",FTE,ATORVASTATINA F.I.R.M.A.,
"",FTE,TOTALIP,
"",FTF,TORVAST,
"",FTF,TOTALIP,
"",FTF,ATORVASTATINA TEVA ITALIA,
"",FUA,ZOLMITRIPTAN MYLAN GENERICS,
"",FUA,ZOMIG,
"",FUA,ZOLMITRIPTAN AUROBINDO PHARMA ITALIA,
"",FUA,ZOLMITRIPTAN AUROBINDO,
"",FUA,ZOLMITRIPTAN DOC GENERICI,
"",FUB,HEADZOL,
"",FUB,ZOLMITRIPTAN AUROBINDO PHARMA ITALIA,
"",FUB,ZOMIG RAPIMELT,
"",FUB,ZOLMITRIPTAN DOC GENERICI,
"",FUB,ZOLMITRIPTAN DOC GENERICI,
"",FVA,QUETIAPINA DOC GENERICI,
"",FVA,QUETIAPINA SANDOZ,
"",FVA,SEROQUEL,
"",FVA,QUETIAPINA EG,
"",FVA,QUETIAPINA TEVA,
"",FVB,QUETIAPINA ALTER,
"",FVB,QUETIAPINA DOC GENERICI,
"",FVB,XETAMED,
"",FVB,QUETIAPINA TEVA,
"",FVB,QUETAMED,
"",FVB,QUETIAPINA EG,
"",FVB,QUETIAPINA SANDOZ,
"",FVB,QUETIAPINA PENSA,
"",FVB,QUETIAPINA AUROBINDO,
"",FVB,QUETIAPINA MYLAN GENERICS,
"",FVB,QUETIAPINA AHCL,
"",FVB,QUENTIAX,
"",FVB,SEROQUEL,
"",FVB,QUETIAPINA ZENTIVA,
"",FVC,SEROQUEL,
"",FVC,QUETIAPINA MYLAN GENERICS,
"",FVC,XETAMED,
"",FVC,QUETIAPINA SANDOZ GMBH,
"",FVC,QUENTIAX,
"",FVC,QUETIAPINA AHCL,
"",FVC,QUETIAPINA DOC GENERICI,
"",FVC,QUETIAPINA TEVA,
"",FVC,QUETAMED,
"",FVC,QUETIAPINA ZENTIVA,
"",FVC,QUETIAPINA AUROBINDO,
"",FVC,QUETIAPINA ALTER,
"",FVC,QUETIAPINA EG,
"",FVD,QUETIAPINA SANDOZ GMBH,
"",FVD,QUETIAPINA AUROBINDO,
"",FVD,QUETIAPINA MYLAN GENERICS,
"",FVD,QUETIAPINA AHCL,
"",FVD,QUETIAPINA TEVA,
"",FVD,QUETIAPINA ZENTIVA,
"",FVD,QUENTIAX,
"",FVD,SEROQUEL,
"",FVD,QUETIAPINA EG,
"",FVD,QUETIAPINA DOC GENERICI,
"",FVE,QUENTIAX,
"",FVE,QUETIAPINA EG,
"",FVE,SEROQUEL,
"",FVE,QUETIAPINA TEVA,
"",FVE,QUETIAPINA SANDOZ GMBH,
"",FVE,QUETIAPINA MYLAN GENERICS,
"",FVE,QUETIAPINA DOC GENERICI,
"",FVE,QUETIAPINA AHCL,
"",FVE,QUETIAPINA ZENTIVA,
"",FVF,QUETIAPINA EG STADA,
"",FVF,QUETIAPINA ACCORD,
"",FVF,QUETIAPINA DOC,
"",FVF,QUETIAPINA TEVA ITALIA,
"",FVF,QUETIAPINA SANDOZ BV,
"",FVF,QUETIAPINA MYLAN,
"",FVF,SEROQUEL,
"",FVF,QUENTIAX,
"",FVG,QUETIAPINA TEVA ITALIA,
"",FVG,QUETIAPINA DOC,
"",FVG,QUENTIAX,
"",FVG,QUETIAPINA SANDOZ BV,
"",FVG,QUETIAPINA MYLAN,
"",FVG,QUETIAPINA ACCORD,
"",FVG,QUETIAPINA EG STADA,
"",FVG,SEROQUEL,
"",FVH,QUETIAPINA DOC,
"",FVH,QUETIAPINA SANDOZ BV,
"",FVH,QUENTIAX,
"",FVH,QUETIAPINA TEVA ITALIA,
"",FVH,QUETIAPINA EG STADA,
"",FVH,QUETIAPINA MYLAN,
"",FVH,SEROQUEL,
"",FVH,QUETIAPINA ACCORD,
"",FVI,QUETIAPINA EG STADA,
"",FVI,QUENTIAX,
"",FVI,QUETIAPINA SANDOZ BV,
"",FVI,QUETIAPINA DOC,
"",FVI,SEROQUEL,
"",FVI,QUETIAPINA TEVA ITALIA,
"",FVI,QUETIAPINA MYLAN,
"",FVI,QUETIAPINA ACCORD,
"",FVJ,QUETIAPINA DOC,
"",FVJ,QUETIAPINA ACCORD,
"",FVJ,QUETIAPINA TEVA ITALIA,
"",FVJ,SEROQUEL,
"",FVJ,QUENTIAX,
"",FVJ,QUETIAPINA MYLAN,
"",FVJ,QUETIAPINA EG STADA,
"",FVJ,QUETIAPINA SANDOZ BV,
"",FWA,CANDESARTAN TEVA ITALIA,
"",FWA,CANDESARTAN MYLAN PHARMA,
"",FWA,CANDESARTAN SANDOZ,
"",FWA,CANDESARTAN DOC GENERICI,
"",FWA,CANDESARTAN ZENTIVA,
"",FWA,BLOPRESS,
"",FWA,CANDESARTAN PENSA,
"",FWA,CANDESARTAN AUROBINDO,
"",FWA,RATACAND,
"",FWA,CANDESARTAN HCS,
"",FWA,BLOPRESS,
"",FWA,CANDESARTAN EG,
"",FWB,CANDESARTAN PENSA,
"",FWB,BLOPRESS,
"",FWB,CANDESARTAN ALTER,
"",FWB,CANDESARTAN HCS,
"",FWB,CANDESARTAN SANDOZ,
"",FWB,CANDESARTAN EG,
"",FWB,BLOPRESS,
"",FWB,BLOPRESS,
"",FWB,RATACAND,
"",FWB,CANDESARTAN AUROBINDO,
"",FWB,BLOPRESS,
"",FWB,CANDESARTAN TEVA ITALIA,
"",FWB,FLORTITENS,
"",FWB,CANDESARTAN DOC GENERICI,
"",FWB,BLOPRESS,
"",FWB,CANDESARTAN ZENTIVA,
"",FWB,CANDESARTAN MYLAN PHARMA,
"",FWC,BLOPRESS,
"",FWC,RATACAND,
"",FWC,CANDESARTAN SANDOZ,
"",FWC,BLOPRESS,
"",FWC,CANDESARTAN PENSA,
"",FWC,CANDESARTAN ALTER,
"",FWC,CANDESARTAN AUROBINDO,
"",FWC,CANDESARTAN HCS,
"",FWC,CANDESARTAN MYLAN PHARMA,
"",FWC,CANDESARTAN TEVA ITALIA,
"",FWC,CANDESARTAN EG,
"",FWC,FLORTITENS,
"",FWC,CANDESARTAN DOC GENERICI,
"",FWC,CANDESARTAN ZENTIVA,
"",FXA,CANDESARTAN E IDROCLOROTIAZIDE AUROBINDO,
"",FXA,IDROTENS,
"",FXA,CANDESARTAN E IDROCLOROTIAZIDE EG,
"",FXA,FORUS,
"",FXA,CANDESARTAN E IDROCLOROTIAZIDE HCS,
"",FXA,BLOPRESID,
"",FXA,RATACAND PLUS,
"",FXA,CANDESARTAN E IDROCLOROTIAZIDE ALTER,
"",FXA,CANDESARTAN E IDROCLOROTIAZIDE TEVA ITALIA,
"",FXA,CANDESARTAN E IDROCLOROTIAZIDE DOC GENERICI,
"",FXA,CANDESARTAN E IDROCLOROTIAZIDE MYLAN GENERICS,
"",FXA,CANDESARTAN E IDROCLOROTIAZIDE ZENTIVA,
"",FXA,CANDESARTAN E IDROCLOROTIAZIDE SANDOZ,
"",FXB,CANDESARTAN E IDROCLOROTIAZIDE DOC GENERICI,
"",FXB,CANDESARTAN E IDROCLOROTIAZIDE EG STADA,
"",FXB,CANDESARTAN E IDROCLOROTIAZIDE ALTER,
"",FXB,CANDESARTAN E IDROCLOROTIAZIDE HCS,
"",FXB,CANDESARTAN E IDROCLOROTIAZIDE TEVA ITALIA,
"",FXB,CANDESARTAN E IDROCLOROTIAZIDE MYLAN,
"",FXB,BLOPRESID,
"",FXB,CANDESARTAN E IDROCLOROTIAZIDE AUROBINDO,
"",FXB,CANDESARTAN E IDROCLOROTIAZIDE ZENTIVA ITALIA,
"",FXB,CANDESARTAN E IDROCLOROTIAZIDE SANDOZ,
"",FXC,CANDESARTAN E IDROCLOROTIAZIDE EG STADA,
"",FXC,CANDESARTAN E IDROCLOROTIAZIDE AUROBINDO,
"",FXC,BLOPRESID,
"",FXC,CANDESARTAN E IDROCLOROTIAZIDE MYLAN,
"",FXC,CANDESARTAN E IDROCLOROTIAZIDE HCS,
"",FXC,CANDESARTAN E IDROCLOROTIAZIDE TEVA ITALIA,
"",FXC,CANDESARTAN E IDROCLOROTIAZIDE ALTER,
"",FXC,CANDESARTAN E IDROCLOROTIAZIDE ZENTIVA ITALIA,
"",FXC,CANDESARTAN E IDROCLOROTIAZIDE SANDOZ,
"",FXC,CANDESARTAN E IDROCLOROTIAZIDE DOC GENERICI,
"",FYA,LATAFIX,
"",FYA,IMOLAST,
"",FYA,LATANOPROST TIMOLOLO ZENTIVA,
"",FYA,DROPLACOMB,
"",FYA,LATANOPROST E TIMOLOLO EG,
"",FYA,LATATIM,
"",FYA,LATANOPROST E TIMOLOLO AUROBINDO ITALIA,
"",FYA,RAFANIX,
"",FYA,XALACOM,
"",FYA,LATANOPROST E TIMOLOLO TEVA ITALIA,
"",FZA,BONVIVA,
"",FZA,ACIDO IBANDRONICO EG,
"",FZA,ACIDO IBANDRONICO MYLAN,
"",FZA,ACIDO IBANDRONICO ALTER,
"",FZA,ACIDO IBANDRONICO TEVA,
"",FZA,ACIDO IBANDRONICO AUROBINDO,
"",FZA,ACIDO IBANDRONICO TECNIGEN,
"",FZA,ACIDO IBANDRONICO PENSA,
"",FZA,BONVIVA,
"",FZA,ACIDO IBANDRONICO SANDOZ,
"",FZA,ACIDO IBANDRONICO ZENTIVA,
"",FZA,BONVIVA,
"",FZA,BONVIVA,
"",FZA,ACIDO IBANDRONICO DOC GENERICI,
"",G1A,REMINYL,
"",G1A,GALNORA,
"",G1B,GALNORA,
"",G1B,REMINYL,
"",G1C,REMINYL,
"",G1C,GALNORA,
"",G2A,EFESTAD,
"",G2A,DESLORATADINA PENSA,
"",G2A,DASSELTA,
"",G2A,DESLORATADINA AUROBINDO ITALIA,
"",G2A,AERIUS,
"",G2A,DESLORATADINA ACTAVIS,
"",G2A,DESLORATADINA DOC,
"",G2A,DESLORATADINA SANDOZ,
"",G2A,DESLORATADINA ZENTIVA,
"",G2A,DESLORATADINA MYLAN PHARMA,
"",G2A,DESLORATADINA MYLAN GENERICS,
"",G2A,AERIUS,
"",G2A,DESLORATADINA EG,
"",G2A,DESLORATADINA TEVA,
"",G2A,AREMAS,
"",G3A,LEVETIRACETAM ACCORD,
"",G3A,GRIFOXINA,
"",G3A,KEPPRA,
"",G3A,LEVETIRACETAM TECNIGEN,
"",G3A,LEVETIRACETAM EG,
"",G3A,EPITIRAM,
"",G3A,MATEVER,
"",G3A,LEVETIRACETAM MYLAN GENERICS,
"",G3A,LEVETIRACETAM KRKA,
"",G3A,LEVETIRACETAM SANDOZ,
"",G3A,ITALEPT,
"",G3A,LEVETIRACETAM ALTER,
"",G3A,LEVETIRACETAM PENSA,
"",G3A,LEVETIRACETAM ALMUS,
"",G3A,LEVETIRACETAM TEVA,
"",G3A,LEVETIRACETAM DOC,
"",G3A,LEVETIRACETAM ZENTIVA,
"",G3A,LEVETIRACETAM AUROBINDO,
"",G3A,LEVETIRACETAM TEVA,
"",G3B,LEVETIRACETAM ALTER,
"",G3B,LEVETIRACETAM ZENTIVA,
"",G3B,LEVETIRACETAM ACCORD,
"",G3B,LEVETIRACETAM TEVA,
"",G3B,LEVETIRACETAM MYLAN GENERICS,
"",G3B,GRIFOXINA,
"",G3B,EPITIRAM,
"",G3B,LEVETIRACETAM TECNIGEN,
"",G3B,LEVETIRACETAM KRKA,
"",G3B,LEVETIRACETAM TEVA,
"",G3B,LEVETIRACETAM SANDOZ,
"",G3B,LEVETIRACETAM ALMUS,
"",G3B,ITALEPT,
"",G3B,LEVETIRACETAM EG,
"",G3B,LEVETIRACETAM PENSA,
"",G3B,LEVETIRACETAM AUROBINDO,
"",G3B,MATEVER,
"",G3B,LEVETIRACETAM DOC,
"",G3B,KEPPRA,
"",G3C,LEVETIRACETAM EG STADA ITALIA,
"",G3C,LEVETIRACETAM ACTAVIS GROUP,
"",G3C,LEVETIRACETAM TECNIGEN,
"",G3C,LEVETIRACETAM AUROBINDO PHARMA ITALIA,
"",G3C,LEVETIRACETAM ACCORD HEALTHCARE,
"",G3C,LEVETIRACETAM RATIOPHARM,
"",G3C,LEVETIRACETAM DOCGEN,
"",G3C,LEVETIRACETAM ARISTO PHARMA,
"",G3C,ITALEPT,
"",G3C,KEPPRA,
"",G3D,LEVETIRACETAM EG STADA ITALIA,
"",G3D,LEVETIRACETAM AUROBINDO PHARMA ITALIA,
"",G3D,LEVETIRACETAM DOCGEN,
"",G3D,KEPPRA,
"",G3E,LEVETIRACETAM AUROBINDO PHARMA ITALIA,
"",G3E,LEVETIRACETAM DOCGEN,
"",G3E,LEVETIRACETAM EG STADA ITALIA,
"",G3E,KEPPRA,
"",G3E,LEVETIRACETAM ARISTO PHARMA,
"",G4A,RILUZOLO AUROBINDO,
"",G4A,RILUZOLO SANDOZ,
"",G4A,RILUZOLO MYLAN,
"",G4A,RILUTEK,
"",G4A,RILUZOLO SUN,
"",GLO,GLUCOPHAGE UNIDIE,
"",GLO,SLOWMET,
"",GLO,KEYMET,
"",GLP,GLUCOPHAGE UNIDIE,
"",GLP,KEYMET,
"",GLP,SLOWMET,
"",GLQ,GLUCOPHAGE UNIDIE,
"",GLQ,KEYMET,
"",GLQ,SLOWMET,
"",GSG,ACIDO FOLICO DOC GENERICI,
"",GSG,FOLIDEX,
"",GSG,BALFOLIC,
"",GSG,FERTIFOL,
"",GSW,TADALAFIL MYLAN,
"",GSW,TADALAFIL ALTER,
"",GSW,TADALAFIL AUROBINDO,
"",GSW,TADALAFIL TEVA,
"",GSW,TADALAFIL ACCORD,
"",GSW,TADALAFIL ZENTIVA,
"",GSW,TADALAFIL ARISTO,
"",GSW,CIALIS,
"",GSW,TADALAFIL TEVA,
"",GSW,TADALAFIL DOC GENERICI,
"",GSW,TADALAFIL EG STADA,
"",GSW,TADAP,
"",GSW,TADALAFIL SANDOZ,
"",GSW,TADALAFIL EG,
"",GTZ,RISEDRONATO AUROBINDO,
"",GTZ,TREODRIL,
"",GTZ,RISEDRONATO SANDOZ,
"",GTZ,RISECEUS,
"",GTZ,RILOVANS,
"",GUU,NITROFURANTOINA MYLAN PHARMA,
"",GUU,FURECIS,
"",GUU,NEOFURADANTIN,
"",GYI,RAFANIX,
"",GYI,IMOLAST,
"",GYI,TANOF,
"",H1A,ACARPHAGE,
"",H1A,ACARBOSIO TECNIGEN,
"",H1A,GLUCOBAY,
"",H1A,ACARBOSIO DOC GENERICI,
"",H1B,ACARPHAGE,
"",H1B,GLUCOBAY,
"",H1B,ACARBOSIO DOC GENERICI,
"",H1B,GLUCOBAY,
"",H1B,ACARBOSIO TECNIGEN,
"",H1B,GLUCOBAY,
"",H4B,ACIDO ACETILSALICILICO ARISTO,
"",H4B,ACIDO ACETILSALICILICO EG,
"",H4B,ACIDO ACETILSALICILICO MYLAN,
"",H4B,ACIDO ACETILSALICILICO TEVA ITALIA,
"",H4B,ACIDO ACETILSALICILICO AUROBINDO,
"",H4B,ACIDO ACETILSALICILICO DOC GENERICI,
"",H4B,ACIDO ACETILSALICILICO KRKA,
"",H4B,CARDIOASPIRIN,
"",H4B,ACIDO ACETILSALICILICO TECNIGEN,
"",H6A,FOSAVANCE,
"",H6A,ALENDRONATO E COLECALCIFEROLO ARISTO,
"",H6A,ALENDRONATO E COLECALCIFEROLO SANDOZ GMBH,
"",H6A,ADROVANCE,
"",H6A,ALENDRONATO E COLECALCIFEROLO DOC,
"",H6A,ALENDRONATO E COLECALCIFEROLO ACCORD,
"",H6A,ALENDRONATO E COLECALCIFEROLO TEVA ITALIA,
"",H6A,VANTAVO,
"",H6A,ACIDO ALENDRONICO E COLECALCIFEROLO AUROBINDO,
"",H6A,ACIDO ALENDRONICO E COLECALCIFEROLO EG,
"",H6A,ACIDO ALENDRONICO E COLECALCIFEROLO ZENTIVA,
"",H6A,ALENDRONATO E COLECALCIFEROLO MYLAN PHARMA,
"",H6B,FOSAVANCE,
"",H6B,ACIDO ALENDRONICO E COLECALCIFEROLO ZENTIVA,
"",H6B,ALENDRONATO E COLECALCIFEROLO MYLAN PHARMA,
"",H6B,ALENDRONATO E COLECALCIFEROLO TEVA ITALIA,
"",H6B,ALENDRONATO E COLECALCIFEROLO SANDOZ GMBH,
"",H6B,ALENDRONATO E COLECALCIFEROLO ARISTO,
"",H6B,ACIDO ALENDRONICO E COLECALCIFEROLO EG,
"",H6B,ALENDRONATO E COLECALCIFEROLO DOC,
"",H6B,ADROVANCE,
"",H6B,ALENDRONATO E COLECALCIFEROLO PENSA PHARMA,
"",H6B,ALENDRONATO E COLECALCIFEROLO ACCORD,
"",H6B,VANTAVO,
"",H6B,ACIDO ALENDRONICO E COLECALCIFEROLO AUROBINDO,
"",H7A,FERTIFOL,
"",H7A,FOLIDEX,
"",H7A,ACIDO FOLICO DOC GENERICI,
"",H7B,FOLINA,
"",H7B,FOLICOM,
"",H7B,FOLATEX,
"",H7B,ACIDO FOLICO DOC GENERICI,
"",H7B,ACIDO FOLICO EG,
"",H7C,FOLIFEM,
"",H7C,FOLATEX,
"",H7C,ACIDO FOLICO EG,
"",H7C,FOLIFILL,
"",H7C,ACIDO FOLICO DOC GENERICI,
"",H7C,FOLINA,
"",H7E,FOLICOM,
"",H7E,ACIDO FOLICO DOC GENERICI,
"",H7E,ACIDO FOLICO EG,
"",H7E,FOLINA,
"",H7E,FOLATEX,
"",HAA,NEOTIGASON,
"",HAA,ZORIAS,
"",HAB,NEOTIGASON,
"",HAB,ZORIAS,
"",HCF,PANTOPRAZOLO MYLAN,
"",HCF,PANTOPRAZOLO ACCORD HEALTHCARE,
"",HCF,PANTOPRAZOLO ARISTO PHARMA,
"",HCF,PANTOPRAZOLO SANDOZ,
"",HCF,PEPTAZOL,
"",HCF,PANTOPRAZOLO ALMUS,
"",HCF,PANTOPRAZOLO DOC,
"",HCF,PANTORC,
"",HCF,PANTORC,
"",HCF,PANTOPRAZOLO KRKA,
"",HCF,PANTOPRAZOLO ABC,
"",HCF,PANTORC,
"",HCF,PANTOPRAZOLO PENSA,
"",HCF,PRINZOL,
"",HCF,PANTOPRAZOLO ZENTIVA ITALIA,
"",HCF,PANTOREX,
"",HCF,PANTOPRAZOLO EG,
"",HCF,PANTOFIR,
"",HCF,PANCLEUS,
"",HCF,PANTOPRAZOLO TECNIGEN ITALIA,
"",HCF,ZOLIUM,
"",HCF,PANTOPRAZOLO ALTER,
"",HCF,NOLPAZA,
"",HCF,GASTROLOC,
"",HCF,PANTOPRAZOLO GIT,
"",HCF,PANTOPRAZOLO PENSA,
"",HCF,PANTOPRAZOLO AUROBINDO,
"",HCF,PANTOPRAZOLO AUROBINDO,
"",HCF,PANTOPRAZOLO SUN PHARMACEUTICAL INDUSTRIES LIMITED,
"",HCF,INIPANT,
"",HCF,ZOLONIB,
"",HCF,PANTOPRAZOLO ARISTO,
"",HCF,PANTOPRAZOLO TEVA ITALIA,
"",HCF,INIZOL,
"",HCJ,PANTOPRAZOLO EG,
"",HCJ,PANTOPRAZOLO ARISTO PHARMA,
"",HCJ,PANTORC,
"",HCJ,PANTOPRAZOLO PENSA,
"",HCJ,PANCLEUS,
"",HCJ,PANTOPRAZOLO ALTER,
"",HCJ,PANTORC,
"",HCJ,PANTOPRAZOLO DOC,
"",HCJ,PANTOPRAZOLO ARISTO,
"",HCJ,PANTOPRAZOLO GIT,
"",HCJ,INIZOL,
"",HCJ,PANTORC,
"",HCJ,PANTOPRAZOLO ABC,
"",HCJ,PANTORC,
"",HCJ,PANTORC,
"",HCJ,PANTOPRAZOLO MYLAN,
"",HCJ,NOLPAZA,
"",HCJ,PANTOPRAZOLO ALMUS,
"",HCJ,PANTORC,
"",HCJ,PANTORC,
"",HCJ,ZOLONIB,
"",HCJ,PANTOPRAZOLO AUROBINDO,
"",HCJ,PANTOFIR,
"",HCJ,PANTOREX,
"",HCJ,PANTORC,
"",HCJ,GASTROLOC,
"",HCJ,PANTOPRAZOLO KRKA,
"",HCJ,PANTOPRAZOLO PENSA,
"",HCJ,PANTORC,
"",HCJ,PANTOPRAZOLO AUROBINDO,
"",HCJ,PANTORC,
"",HCJ,PEPTAZOL,
"",HCJ,PANTOPRAZOLO TEVA ITALIA,
"",HCJ,PRINZOL,
"",HCJ,PANTOPRAZOLO ZENTIVA,
"",HCJ,PANTOPRAZOLO ACCORD HEALTHCARE,
"",HCJ,PANTORC,
"",HCJ,PANTOPRAZOLO SANDOZ,
"",HCJ,ZOLIUM,
"",HCJ,PANTOPRAZOLO SUN PHARMACEUTICAL INDUSTRIES LIMITED,
"",HCJ,PANTOPRAZOLO TECNIGEN ITALIA,
"",HCJ,INIPANT,
"",HJA,ALMOGRAN,
"",HJA,ALMOTREX,
"",HJB,ALMOGRAN,
"",HJB,ALMOTREX,
"",HJB,ALMOTRIPTAN ZENTIVA,
"",HJB,ALMOTRIPTAN EG,
"",HJB,ALMOTRIPTAN DOC GENERICI,
"",HJB,ALMOTRIPTAN AUROBINDO,
"",HJB,ALMOTRIPTAN MYLAN,
"",HJB,ALMOTRIPTAN TEVA ITALIA,
"",HKF,ALOPERIDOLO PENSA,
"",HKF,HALDOL,
"",HKZ,METOTHER*,
"",HKZ,METOTREXATO DOC GENERICI*,
"",HKZ,REUMAFLEX,
"",HKZ,IMMUTREX*,
"",HKZ,VELOS*,
"",HKZ,AFSLAMET*,
"",HMA,AMBRISENTAN MEDAC,
"",HMA,AMBRISENTAN DR. REDDY'S,
"",HMA,AMBRISENTAN MYLAN,
"",HMA,AMBRISENTAN ACCORD,
"",HMA,VOLIBRIS,
"",HMA,AMBRISENTAN TEVA,
"",HMA,AMBRISENTAN ZENTIVA ITALIA,
"",HMB,AMBRISENTAN DR. REDDY'S,
"",HMB,AMBRISENTAN TEVA,
"",HMB,AMBRISENTAN MEDAC,
"",HMB,VOLIBRIS,
"",HMB,AMBRISENTAN ZENTIVA ITALIA,
"",HMB,AMBRISENTAN MYLAN,
"",HMB,AMBRISENTAN ACCORD,
"",HOD,AMITRIPTILINA EG,
"",HOD,AMITRIPTILINA MYLAN,
"",HOD,LAROXYL,
"",HSA,ABILIFY,
"",HSA,ARIPIPRAZOLO SANDOZ GMBH,
"",HSA,ARIPIPRAZOLO AUROBINDO,
"",HSA,ARIPIPRAZOLO TEVA ITALIA,
"",HSA,ABILIFY,
"",HSA,ARIPIPRAZOLO TEVA,
"",HSA,ARIPIPRAZOLO MYLAN ITALIA,
"",HSA,ARIPIPRAZOLO EG,
"",HSA,ARIPIPRAZOLO SANDOZ,
"",HSA,ARIPIPRAZOLO KRKA,
"",HSA,ARIPIPRAZOLO DOC,
"",HSA,ARIPIPRAZOLO ZENTIVA,
"",HSA,ABERIPRA,
"",HSA,ARIPIPRAZOLO MYLAN PHARMA,
"",HSA,ARIPIPRAZOLO ACCORD,
"",HSB,ABILIFY,
"",HSB,ARIPIPRAZOLO SANDOZ,
"",HSB,ARIPIPRAZOLO KRKA,
"",HSB,ARIPIPRAZOLO ZENTIVA,
"",HSB,ARIPIPRAZOLO MACLEODS,
"",HSB,ARIPIPRAZOLO TEVA ITALIA,
"",HSB,ABILIFY,
"",HSB,ARIPIPRAZOLO TEVA,
"",HSB,ARIPIPRAZOLO EG,
"",HSB,ARIPIPRAZOLO DOC,
"",HSB,ABERIPRA,
"",HSB,ARIPIPRAZOLO ACCORD,
"",HSB,ARIPIPRAZOLO MYLAN PHARMA,
"",HSB,ARIPIPRAZOLO MYLAN ITALIA,
"",HSB,ARIPIPRAZOLO SANDOZ GMBH,
"",HSB,ARIPIPRAZOLO AUROBINDO,
"",HSC,ARIPIPRAZOLO DOC,
"",HSC,ARIPIPRAZOLO AUROBINDO ITALIA,
"",HSC,ABILIFY,
"",HSC,ARIPIPRAZOLO MYLAN GENERICS,
"",HSD,ARIPIPRAZOLO KRKA,
"",HSD,ARIPIPRAZOLO MYLAN PHARMA,
"",HSD,ABILIFY,
"",HSD,ARIPIPRAZOLO ACCORD,
"",HSD,ARIPIPRAZOLO TEVA,
"",HSD,ARIPIPRAZOLO EG,
"",HSD,ARIPIPRAZOLO SANDOZ,
"",HSD,ARIPIPRAZOLO AUROBINDO,
"",HSD,ARIPIPRAZOLO DOC,
"",HSD,ABERIPRA,
"",HSD,ARIPIPRAZOLO ZENTIVA,
"",HZM,METOTHER*,
"",HZM,VELOS*,
"",HZM,IMMUTREX*,
"",HZM,METOTREXATO DOC GENERICI*,
"",HZM,REUMAFLEX,
"",HZM,AFSLAMET*,
"",HZP,METOTREXATO DOC GENERICI*,
"",HZP,AFSLAMET*,
"",HZP,METOTHER*,
"",HZP,REUMAFLEX,
"",HZP,IMMUTREX*,
"",HZP,VELOS*,
"",HZR,IMMUTREX*,
"",HZR,AFSLAMET*,
"",HZR,VELOS*,
"",HZR,METOTREXATO DOC GENERICI*,
"",HZR,METOTHER*,
"",HZR,REUMAFLEX,
"",HZT,METOTHER*,
"",HZT,IMMUTREX*,
"",HZT,REUMAFLEX,
"",HZT,VELOS*,
"",HZT,METOTREXATO DOC GENERICI*,
"",HZT,AFSLAMET*,
"",I2B,INUVER,
"",I2B,FOSTER,
"",I2B,FORMODUAL,
"",I6A,BROSTIMAB,
"",I6A,LUMIGAN,
"",I6A,BITOPRIX,
"",I6A,BIMATOPROST MYLAN,
"",I6A,BIMADOC,
"",I6A,BRINUS,
"",I6C,BIMADOC,
"",I6C,LUMIGAN,
"",I9A,LODOZ,
"",I9A,BISOPROLOLO E IDROCLOROTIAZIDE MYLAN GENERICS,
"",I9B,BISOPROLOLO E IDROCLOROTIAZIDE MYLAN GENERICS,
"",I9B,LODOZ,
"",I9B,LODOZ,
"",I9C,BISOPROLOLO E IDROCLOROTIAZIDE MYLAN GENERICS,
"",I9C,LODOZ,
"",I9C,LODOZ,
"",IBA,BOSENTAN DOC GENERICI,
"",IBA,BOSENTAN MEDAC,
"",IBA,BOSENTAN TEVA,
"",IBA,TRACLEER,
"",IBA,BOSENTAN ACCORD,
"",IBA,BOSENTAN SANDOZ,
"",IBA,BOSENTAN SUN,
"",IBA,BOSENTAN MYLAN,
"",IBA,BOSENTAN AUROBINDO,
"",IBB,BOSENTAN TEVA,
"",IBB,BOSENTAN SUN,
"",IBB,BOSENTAN ACCORD,
"",IBB,BOSENTAN DOC GENERICI,
"",IBB,TRACLEER,
"",IBB,BOSENTAN AUROBINDO,
"",IBB,BOSENTAN MYLAN,
"",IBB,BOSENTAN MEDAC,
"",IBB,BOSENTAN SANDOZ,
"",IBB,TRACLEER,
"",ICV,INCOVES,
"",ICV,SOLIFENACINA SANDOZ,
"",ICV,SOLIFENACINA ARISTO,
"",ICV,SOLIFENACINA TEVA,
"",ICV,SOLIFENACINA DOC,
"",ICV,SOLIFENACINA MYLAN,
"",ICW,SOLIFENACINA MYLAN,
"",ICW,SOLIFENACINA SANDOZ,
"",ICW,SOLIFENACINA ARISTO,
"",ICW,SOLIFENACINA DOC,
"",ICW,SOLIFENACINA TEVA,
"",ICX,SOLIFENACINA ARISTO,
"",ICX,SOLIFENACINA MYLAN,
"",ICX,SOLIFENACINA DOC,
"",ICX,INCOVES,
"",ICX,SOLIFENACINA SANDOZ,
"",ICX,SOLIFENACINA TEVA,
"",ICX,SOLIFENACINA AUROBINDO,
"",IDA,BRINZAFLUX,
"",IDA,AZOPT,
"",IDA,BRINZOLAMIDE EG,
"",IDA,BRINZOLAMIDE SANDOZ,
"",IDA,BRINZOLAMIDE MYLAN,
"",IEA,BRINZOLAMIDE E TIMOLOLO EG,
"",IEA,AZARGA,
"",IEA,BRINZOLAMIDE E TIMOLOLO ACCORD,
"",IEA,BRINTIDOX,
"",IEA,BRINZOLAMIDE E TIMOLOLO MYLAN,
"",IFA,BRIVIRAC,
"",IFA,ZECOVIR,
"",IFA,BRIVUDINA ARISTO,
"",IFA,BRIVUDINA DOC,
"",IIC,TRANSTEC,
"",IIC,DURLEVATEC,
"",IID,DURLEVATEC,
"",IID,TRANSTEC,
"",IIE,DURLEVATEC,
"",IIE,TRANSTEC,
"",IQA,ZORIPOT*,
"",IQA,DOVOBET*,
"",IQA,XAMIOL*,
"",IQA,PSOTRIOL*,
"",IQA,CALBETA*,
"",IQB,ZORIPOT,
"",IQB,CALBETA,
"",J1A,CELECOXIB PENSA,
"",J1A,CELEBREX,
"",J1A,CELECOXIB VIATRIS,
"",J1A,CELECOXIB SANDOZ,
"",J1A,CELECOXIB TECNIGEN,
"",J1A,CELECOXIB EG,
"",J1A,CELECOXIB ZENTIVA,
"",J1A,CELECOXIB TEVA,
"",J1A,CELARTROX,
"",J1A,CELECOXIB DOC GENERICI,
"",J1A,CELECOXIB ALTER,
"",J1A,CELECOXIB MYLAN,
"",J1A,CELECOXIB AUROBINDO,
"",J1A,COXIBEN,
"",J5A,CIQORIN,
"",J5A,SANDIMMUN NEORAL,
"",J5C,SANDIMMUN NEORAL,
"",J5C,CIQORIN,
"",J5D,SANDIMMUN NEORAL,
"",J5D,CIQORIN,
"",J5E,SANDIMMUN NEORAL,
"",J5E,CIQORIN,
"",J9A,MIMPARA,
"",J9A,CINACALCET MYLAN,
"",J9A,CINACALCET ACCORD,
"",J9A,CINACALCET TILLOMED,
"",J9A,CINACALCET GEN.ORPH,
"",J9A,CINACALCET EG,
"",J9A,CINACALCET AUROBINDO,
"",J9A,CINACALCET ARISTO,
"",J9A,CINACALCET DR REDDY'S,
"",J9A,CINACALCET SANDOZ GMBH,
"",J9A,CINACALCET DOC,
"",J9B,CINACALCET DOC,
"",J9B,CINACALCET AUROBINDO,
"",J9B,MIMPARA,
"",J9B,CINACALCET SANDOZ GMBH,
"",J9B,CINACALCET ARISTO,
"",J9B,CINACALCET DR REDDY'S,
"",J9B,CINACALCET GEN.ORPH,
"",J9B,CINACALCET ACCORD,
"",J9B,CINACALCET TILLOMED,
"",J9B,CINACALCET EG,
"",J9B,CINACALCET MYLAN,
"",J9C,CINACALCET DR REDDY'S,
"",J9C,CINACALCET AUROBINDO,
"",J9C,CINACALCET SANDOZ GMBH,
"",J9C,CINACALCET EG,
"",J9C,CINACALCET ACCORD,
"",J9C,CINACALCET GEN.ORPH,
"",J9C,CINACALCET DOC,
"",J9C,CINACALCET TILLOMED,
"",J9C,CINACALCET ARISTO,
"",J9C,MIMPARA,
"",J9C,CINACALCET MYLAN,
"",JAD,DUOTENS,
"",JAD,ICOMB,
"",JAD,RAMIPRIL E AMLODIPINA KRKA,
"",JAD,RAMIPRIL E AMLODIPINA DOC GENERICI,
"",JAD,RAMIPRIL E AMLODIPINA ZENTIVA,
"",JAD,RAMIPRIL E AMLODIPINA EG,
"",JAE,RAMIPRIL E AMLODIPINA EG,
"",JAE,RAMIPRIL E AMLODIPINA DOC GENERICI,
"",JAE,RAMIPRIL E AMLODIPINA ZENTIVA,
"",JAE,RAMIPRIL E AMLODIPINA KRKA,
"",JAE,DUOTENS,
"",JAE,ICOMB,
"",JAF,DUOTENS,
"",JAF,RAMIPRIL E AMLODIPINA EG,
"",JAF,RAMIPRIL E AMLODIPINA KRKA,
"",JAF,RAMIPRIL E AMLODIPINA ZENTIVA,
"",JAF,ICOMB,
"",JAF,RAMIPRIL E AMLODIPINA DOC GENERICI,
"",JAG,RAMIPRIL E AMLODIPINA EG,
"",JAG,ICOMB,
"",JAG,RAMIPRIL E AMLODIPINA ZENTIVA,
"",JAG,RAMIPRIL E AMLODIPINA DOC GENERICI,
"",JAG,RAMIPRIL E AMLODIPINA KRKA,
"",JAG,DUOTENS,
"",JCT,RAMIPRIL E AMLODIPINA EG,
"",JCT,RAMANTAL,
"",JCT,TRIAMLO,
"",JCT,PARVATI,
"",JCT,RAMIPRIL E AMLODIPINA DOC GENERICI,
"",JCT,ALAMUT,
"",JCT,RAMIPRIL E AMLODIPINA TEVA,
"",JCT,SAMBETAN,
"",JCT,RAMIPRIL E AMLODIPINA ZENTIVA,
"",JCU,RAMANTAL,
"",JCU,ALAMUT,
"",JCU,SAMBETAN,
"",JCU,RAMIPRIL E AMLODIPINA EG,
"",JCU,PARVATI,
"",JCU,RAMIPRIL E AMLODIPINA TEVA,
"",JCU,RAMIPRIL E AMLODIPINA ZENTIVA,
"",JCU,TRIAMLO,
"",JCU,RAMIPRIL E AMLODIPINA DOC GENERICI,
"",JCV,RAMIPRIL E AMLODIPINA DOC GENERICI,
"",JCV,PARVATI,
"",JCV,SAMBETAN,
"",JCV,RAMIPRIL E AMLODIPINA ZENTIVA,
"",JCV,ALAMUT,
"",JCV,RAMIPRIL E AMLODIPINA TEVA,
"",JCV,RAMANTAL,
"",JCV,TRIAMLO,
"",JCV,RAMIPRIL E AMLODIPINA EG,
"",JCW,RAMIPRIL E AMLODIPINA ZENTIVA,
"",JCW,RAMIPRIL E AMLODIPINA DOC GENERICI,
"",JCW,RAMANTAL,
"",JCW,SAMBETAN,
"",JCW,PARVATI,
"",JCW,ALAMUT,
"",JCW,RAMIPRIL E AMLODIPINA EG,
"",JCW,RAMIPRIL E AMLODIPINA TEVA,
"",JCW,TRIAMLO,
"",JDC,FLEIDERINA,
"",JDC,FREQUIL,
"",JDD,FREQUIL,
"",JDD,FLEIDERINA,
"",JDE,FLEIDERINA,
"",JDE,FREQUIL,
"",JDF,FREQUIL,
"",JDF,FLEIDERINA,
"",JDP,ESOMEPRAZOLO ARISTO,
"",JDP,GASTRES,
"",JDP,ESOMEPRAZOLO PENSA PHARMA,
"",JDP,LUCEN,
"",JDP,ESOMEPRAZOLO MYLAN GENERICS ITALIA,
"",JDP,ESOMEPRAZOLO SANDOZ,
"",JDP,ESOMEPRAZOLO PENSA PHARMA,
"",JDP,NEXIUM,
"",JDP,ESOMEPRAZOLO AUROBINDO,
"",JDP,ESOMEPRAZOLO DOC GENERICI,
"",JDP,EZORAN,
"",JDP,ESOMEPRAZOLO EG,
"",JDP,ESOPIR,
"",JDP,ABIGERD,
"",JDP,ESOMEPRAZOLO SUN PHARMACEUTICAL INDUSTRIES (EUROPE) BV,
"",JDP,ESOMEPRAZOLO ALMUS PHARMA,
"",JDP,ESOMEPRAZOLO DOC,
"",JDP,ESOMEPRAZOLO EG STADA,
"",JDP,ESOMEPRAZOLO ZENTIVA,
"",JDP,ESOMEPRAZOLO ALTER,
"",JDP,ESOMEPRAZOLO TEVA ITALIA,
"",JDP,ESOMEPRAZOLO MYLAN GENERICS,
"",JDP,ARILIAR,
"",JDP,ESOMEPRAZOLO DOC GENERICS,
"",JDP,ESOMEPRAZOLO KRKA,
"",JDQ,ESOMEPRAZOLO SUN PHARMACEUTICAL INDUSTRIES (EUROPE) BV,
"",JDQ,NEXIUM,
"",JDQ,ESOMEPRAZOLO DOC,
"",JDQ,ESOPIR,
"",JDQ,GASTRES,
"",JDQ,ABIGERD,
"",JDQ,ESOMEPRAZOLO ZENTIVA,
"",JDQ,ARILIAR,
"",JDQ,ESOMEPRAZOLO PENSA PHARMA,
"",JDQ,ESOMEPRAZOLO AUROBINDO,
"",JDQ,ESOMEPRAZOLO EG STADA,
"",JDQ,ESOMEPRAZOLO ARISTO,
"",JDQ,LUCEN,
"",JDQ,ESOMEPRAZOLO ALTER,
"",JDQ,ESOMEPRAZOLO ALMUS PHARMA,
"",JDQ,ESOMEPRAZOLO SANDOZ,
"",JDQ,ESOMEPRAZOLO MYLAN GENERICS ITALIA,
"",JDQ,ESOMEPRAZOLO MYLAN GENERICS,
"",JDQ,ESOMEPRAZOLO TEVA ITALIA,
"",JDQ,ESOMEPRAZOLO DOC GENERICI,
"",JDQ,ESOMEPRAZOLO EG,
"",JDQ,ESOMEPRAZOLO PENSA PHARMA,
"",JDQ,ESOMEPRAZOLO DOC GENERICS,
"",JDQ,ESOMEPRAZOLO KRKA,
"",JDQ,EZORAN,
"",JED,ANNISTER,
"",JED,LAMPARD,
"",JED,ZIBENAK,
"",JGA,DUOPLAVIN,
"",JGA,DUOPLAVIN,
"",JGA,DUOPLAVIN,
"",JGA,DUOPLAVIN,
"",JGA,DUOPLAVIN,
"",JGA,CLOPIDOGREL E ACIDO ACETILSALICILICO MYLAN,
"",JGE,CLENIL,
"",JGE,BECLOMETASONE DOC,
"",JGX,METOTHER*,
"",JGX,AFSLAMET*,
"",JGX,REUMAFLEX,
"",JGX,VELOS*,
"",JHI,ACIDO FOLICO EG,
"",JHI,FOLINA,
"",JHI,FOLIFILL,
"",JHI,NOVACID,
"",JHI,ACIDO FOLICO DOC GENERICI,
"",JHI,ACIDO FOLICO SF,
"",JHI,FOLATEX,
"",JNA,COLCAD,
"",JNA,ANNISTER,
"",JNA,COLECALCIFEROLO EG,
"",JNA,LAMPARD,
"",JNA,COLECALCIFEROLO ZENTIVA,
"",JNA,DIVOD,
"",JNA,BRIOGEN D3,
"",JNA,BALAVITA,
"",JNA,COLECALCIFEROLO MYLAN,
"",JNA,COLECALCIFEROLO TEVA,
"",JNA,TREDIMIN,
"",JNA,ZIBENAK,
"",JNA,COLECALCIFEROLO DOC,
"",JNA,XARENEL,
"",JNA,TOMAINO,
"",JNA,DICOLEV,
"",JNA,MEDIVID,
"",JNA,COLECALCIFEROLO IPSO PHARMA,
"",JNA,IBITRED,
"",JNA,COLECALCIFEROLO PENSA,
"",JNA,DIBASE,
"",JNA,COLECALCIFEROLO SANDOZ,
"",JNC,DIBASE,
"",JNC,TOMAINO,
"",JNC,ZIBENAK,
"",JNC,COLECALCIFEROLO EG,
"",JNC,MEDIVID,
"",JNC,DIVOD,
"",JNC,COLECALCIFEROLO SANDOZ,
"",JNC,BALAVITA,
"",JNC,COLECALCIFEROLO MYLAN,
"",JNC,COLECALCIFEROLO IPSO PHARMA,
"",JNC,BRIOGEN D3,
"",JNC,COLECALCIFEROLO PENSA,
"",JNC,XARENEL,
"",JNC,COLECALCIFEROLO DOC,
"",JNC,TREDIMIN,
"",JNC,ANNISTER,
"",JNC,COLECALCIFEROLO TEVA,
"",JNC,LAMPARD,
"",JNC,COLCAD,
"",JNC,COLECALCIFEROLO ZENTIVA,
"",JNF,BALAVITA,
"",JNF,TREDIMIN,
"",JNF,LAMPARD,
"",JNF,TOMAINO,
"",JNF,XARENEL,
"",JNF,COLCAD,
"",JNF,COLECALCIFEROLO DOC,
"",JNF,DIVOD,
"",JNF,BRIOGEN D3,
"",JNF,MEDIVID,
"",JNF,COLECALCIFEROLO MYLAN,
"",JNF,COLECALCIFEROLO TEVA,
"",JNF,COLECALCIFEROLO IPSO PHARMA,
"",JNF,COLECALCIFEROLO ZENTIVA,
"",JNF,ANNISTER,
"",JNF,COLECALCIFEROLO EG,
"",JNF,ZIBENAK,
"",JNF,DIBASE,
"",JNF,COLECALCIFEROLO SANDOZ,
"",JNG,COLECALCIFEROLO SANDOZ,
"",JNG,TOMAINO,
"",JNG,TREDIMIN,
"",JNG,COLECALCIFEROLO EG,
"",JNG,COLECALCIFEROLO ZENTIVA,
"",JNG,COLECALCIFEROLO IPSO PHARMA,
"",JNG,BRIOGEN D3,
"",JNG,MEDIVID,
"",JNG,COLECALCIFEROLO PENSA,
"",JNG,BALAVITA,
"",JNG,COLECALCIFEROLO MYLAN,
"",JNG,COLECALCIFEROLO DOC,
"",JNG,ANNISTER,
"",JNG,LAMPARD,
"",JNG,COLCAD,
"",JNG,XARENEL,
"",JNG,ZIBENAK,
"",JNG,DIBASE,
"",JNG,DIVOD,
"",JNG,COLECALCIFEROLO TEVA,
"",JNG,DICOLEV,
"",JNH,DIVOD,
"",JNH,DIBASE,
"",JNH,DICOLEV,
"",JNH,COLECALCIFEROLO TEVA,
"",JNH,COLECALCIFEROLO SANDOZ,
"",JNH,TREDIMIN,
"",JNH,COLECALCIFEROLO MYLAN,
"",JNH,BRIOGEN D3,
"",JNH,BALAVITA,
"",JNH,COLECALCIFEROLO DOC,
"",JNH,COLECALCIFEROLO ZENTIVA,
"",JNH,COLCAD,
"",JNH,ZIBENAK,
"",JNH,COLECALCIFEROLO IPSO PHARMA,
"",JNH,COLECALCIFEROLO PENSA,
"",JNH,ANNISTER,
"",JNH,TOMAINO,
"",JNH,COLECALCIFEROLO EG,
"",JNH,LAMPARD,
"",JNH,IBITRED,
"",JNH,XARENEL,
"",JNH,MEDIVID,
"",JNJ,IMATINIB TEVA,
"",JNJ,IMATINIB REDDY,
"",JNJ,IMATINIB ACCORD,
"",JOJ,KRUXAGON,
"",JOJ,IBIMEZOLO,
"",JOJ,OMEPRAZOLO SANDOZ GMBH,
"",JOJ,ANADIR,
"",JOJ,OMEPRAZOLO P-CARE,
"",JOJ,OMEPRAZOLO ALTER,
"",JOJ,OMEPRAZOLO ABC,
"",JOJ,OMEPRAZOLO ZENTIVA ITALIA,
"",JOJ,OMEPRAZOLO MYLAN PHARMA,
"",JOJ,OMEPRAZOLO ALMUS,
"",JOJ,OMPEPRAZOLO PENSA,
"",JOJ,NANSEN,
"",JOJ,OMEPRAZOLO HEXAL A/S,
"",JOJ,CLETUS,
"",JOJ,OMEPRAZOLO TEVA ITALIA,
"",JOJ,OMEPRAZOLO ARISTO,
"",JOJ,OMPEPRAZOLO PENSA,
"",JOJ,KOMEZOL,
"",JOJ,ULCEZOL,
"",JOJ,OMEPRAZOLO ALMUS PHARMA,
"",JOJ,OMOLIN,
"",JOJ,OMEPRAZOLO PHARMACARE,
"",JOJ,OMEPRAZEN,
"",JOJ,OMEPRAZOLO DOC GENERICI,
"",JOJ,OMEPRAZOLO AUROBINDO PHARMA ITALIA,
"",JOJ,OMEPRAZOLO ZENTIVA ITALIA,
"",JOJ,OMEPRAZOLO FG,
"",JOJ,OMEPRAZOLO TECNIGEN,
"",JOJ,OMEPRAZOLO AUROBINDO PHARMA ITALIA,
"",JOJ,PROTEC,
"",JOJ,OMEPRAZOLO EG STADA,
"",JOJ,LIMNOS,
"",JOJ,OMEPRAZOLO SUN,
"",JRA,TOBRAMICINA TEVA,
"",JRA,BRAMITOB,
"",JRA,TOBRAMICINA SUN,
"",JRA,TOBI,
"",JSG,METOTHER*,
"",JSG,REUMAFLEX,
"",JTI,SOLACUTAN,
"",JTI,SOLARAZE,
"",JUS,ORFADIN,
"",JUS,NITISINONE DIPHARMA,
"",JXA,DEFERIPRONE DOC,
"",JXA,FERRIPROX,
"",JXI,EXJADE,
"",JXI,DEFERASIROX DOC,
"",JXI,DEFERASIROX SANDOZ,
"",JXI,DEFERASIROX ZENTIVA,
"",JXI,DEFERASIROX ACCORD,
"",JXI,DEFERASIROX MYLAN,
"",JXJ,DEFERASIROX ACCORD,
"",JXJ,EXJADE,
"",JXJ,DEFERASIROX ZENTIVA,
"",JXJ,DEFERASIROX SANDOZ,
"",JXJ,DEFERASIROX DOC,
"",JXJ,DEFERASIROX MYLAN,
"",JXK,DEFERASIROX ZENTIVA,
"",JXK,DEFERASIROX DOC,
"",JXK,DEFERASIROX MYLAN,
"",JXK,EXJADE,
"",JXK,DEFERASIROX ACCORD,
"",JXK,DEFERASIROX SANDOZ,
"",JYP,MENEZON,
"",JYP,ACAMBA,
"",JYP,TRAVIOP,
"",JYV,FOSTER,
"",JYV,FORMODUAL,
"",JZD,OMEPRAZOLO DOC GENERICI,
"",JZD,OMPEPRAZOLO PENSA,
"",JZD,OMEPRAZOLO AUROBINDO PHARMA ITALIA,
"",JZD,OMEPRAZOLO ALTER,
"",JZD,OMEPRAZOLO HEXAL A/S,
"",JZD,OMEPRAZOLO ZENTIVA ITALIA,
"",JZD,OMEPRAZOLO SUN,
"",JZD,OMEPRAZOLO PHARMACARE,
"",JZD,OMEPRAZEN,
"",JZD,OMEPRAZOLO ALMUS PHARMA,
"",JZD,OMEPRAZOLO MYLAN PHARMA,
"",JZD,OMEPRAZOLO ZENTIVA ITALIA,
"",JZD,OMEPRAZOLO ABC,
"",JZD,OMPEPRAZOLO PENSA,
"",JZD,OMEPRAZOLO SANDOZ GMBH,
"",JZD,OMEPRAZOLO EG STADA,
"",JZD,OMEPRAZOLO ARISTO,
"",JZD,OMEPRAZOLO TEVA ITALIA,
"",K3B,SOLDESAM,
"",K3B,DECADRON,
"",KAP,ATOVER,
"",KAP,ENALAPRIL E LERCANIDIPINA EG STADA,
"",KAP,CORIPREN,
"",KAP,ZANIPRIL,
"",KAP,LERCAPREL,
"",KAP,ENALAPRIL E LERCANIDIPINA TEVA,
"",KBQ,VARDENAFIL TEVA ITALIA,
"",KBQ,LEVITRA,
"",KBQ,VARDENAFIL MYLAN,
"",KBT,LANSOPRAZOLO EG,
"",KBT,LANSOPRAZOLO PENSA,
"",KBT,FRILANS,
"",KBT,LANSOPRAZOLO AUROBINDO,
"",KBT,LANSOPRAZOLO ZENTIVA,
"",KBT,LANSOPRAZOLO ABC,
"",KBT,LANSOPRAZOLO GIT,
"",KBT,LANSOPRAZOLO DOC,
"",KBT,PEPTIREX,
"",KBT,LANSOPRAZOLO SANDOZ BV,
"",KBT,LANSOPRAZOLO LABORATORI ALTER,
"",KBT,LEVOGENIX,
"",KBT,LANSOPRAZOLO TECNIGEN,
"",KBT,LANSOPRAZOLO FG,
"",KBT,LANSOPRAZOLO PENSA,
"",KBT,LANSOPRAZOLO ALMUS,
"",KBT,TANZOLAN,
"",KBT,LANSOX,
"",KBT,PERGASTID,
"",KBT,LANSOPRAZOLO TEVA ITALIA,
"",KBT,ERMES,
"",KBT,LANSOPRAZOLO MYLAN GENERICS,
"",KBT,LANSOPRAZOLO SUN,
"",KBT,LANSOX,
"",KBT,LANSOPRAZOLO ARISTO PHARMA,
"",KBT,LANSOPRAZOLO KRKA,
"",KBT,LANSOPRAZOLO EG STADA,
"",KBT,LANSOPRAZOLO HEXAL,
"",KBT,LANSOPRAZOLO ALTER,
"",KBT,LANSOPRAZOLO DOC GENERICI,
"",KBT,LANSOPRAZOLO ARISTO,
"",KBU,LANSOPRAZOLO ZENTIVA,
"",KBU,LANSOPRAZOLO TEVA ITALIA,
"",KBU,LANSOPRAZOLO SANDOZ BV,
"",KBU,LANSOPRAZOLO DOC,
"",KBU,LANSOPRAZOLO ALMUS,
"",KBU,LANSOPRAZOLO ARISTO,
"",KBU,LANSOPRAZOLO ALTER,
"",KBU,LANSOPRAZOLO GIT,
"",KBU,PERGASTID,
"",KBU,LEVOGENIX,
"",KBU,LANSOPRAZOLO PENSA,
"",KBU,LANSOPRAZOLO TECNIGEN,
"",KBU,LANSOPRAZOLO LABORATORI ALTER,
"",KBU,LANSOPRAZOLO ABC,
"",KBU,ERMES,
"",KBU,LANSOPRAZOLO FG,
"",KBU,LANSOPRAZOLO DOC GENERICI,
"",KBU,LANSOPRAZOLO AUROBINDO,
"",KBU,FRILANS,
"",KBU,LANSOPRAZOLO PENSA,
"",KBU,LANSOX,
"",KBU,LANSOPRAZOLO EG STADA,
"",KBU,LANSOPRAZOLO KRKA,
"",KBU,LANSOPRAZOLO ARISTO PHARMA,
"",KBU,LANSOX,
"",KBU,PEPTIREX,
"",KBU,LANSOPRAZOLO EG,
"",KBU,LANSOPRAZOLO HEXAL,
"",KBU,TANZOLAN,
"",KBU,LANSOPRAZOLO SUN,
"",KBU,LANSOPRAZOLO MYLAN GENERICS,
"",KES,TOLVAPTAN TEVA,
"",KES,JINARC,
"",KET,TOLVAPTAN TEVA,
"",KET,JINARC,
"",KEU,JINARC,
"",KEU,TOLVAPTAN TEVA,
"",KGF,SOLARAZE,
"",KGF,SOLACUTAN,
"",KGG,AMLODIPINA E VALSARTAN DOC,
"",KGG,DIPPERAM,
"",KGG,ASBIMA,
"",KGH,DIPPERAM,
"",KGH,AMLODIPINA E VALSARTAN DOC,
"",KGH,ASBIMA,
"",KGI,DIPPERAM,
"",KGI,AMLODIPINA E VALSARTAN DOC,
"",KGI,ASBIMA,
"",KGQ,TOVASTIBE,
"",KGQ,EZETIMIBE E ATORVASTATINA DOC,
"",KGQ,ANCILLEG,
"",KGQ,EZEVAST,
"",KGR,OLMESARTAN MEDOXOMIL AMLODIPINA IDROCLOROTIAZIDE DOC,
"",KGR,GADUAR,
"",KIQ,AMLODIPINA KRKA,
"",KIQ,AMLODIPINA TEVA ITALIA,
"",KIQ,AMLODIPINA SANDOZ,
"",KIQ,AMLODIPINA ALTER,
"",KIQ,AMLODIPINA EG,
"",KIQ,AMLODIPINA HEXAL AG,
"",KIQ,AMLODIPINA ZENTIVA ITALIA,
"",KIQ,AMLODIPINA DOC GENERICI,
"",KIQ,AMLODIPINA AUROBINDO,
"",KIQ,AMLODIPINA ALMUS,
"",KIQ,AMLODIPINA MYLAN,
"",KJW,RAMIPRIL RATIOPHARM,
"",KJW,RAMIPRIL EG,
"",KJW,RAMIPRIL DOC GENERICI,
"",KJW,RAMIPRIL SUN,
"",KJW,KRUPIL,
"",KJW,RAMIPRIL HEXAL,
"",KJW,RAMIPRIL PENSA,
"",KJW,RAMIPRIL MYLAN GENERICS,
"",KJW,RAMIPRIL SANDOZ,
"",KJW,RAMIPRIL ALMUS,
"",KJW,RAMIPRIL KRKA,
"",KJW,RAMIPRIL AUROBINDO,
"",KJW,RAMIPRIL ZENTIVA,
"",KJX,RAMIPRIL IDROCLOROTIAZIDE EG STADA,
"",KJX,RAMIPRIL E IDROCLOROTIAZIDE ZENTIVA,
"",KJX,RAMIPRIL E IDROCLOROTIAZIDE PENSA,
"",KJX,RAMIPRIL E IDROCLOROTIAZIDE AUROBINDO,
"",KJX,RAMIPRIL E IDROCLOROTIAZIDE MYLAN GENERICS,
"",KJX,RAMIPRIL IDROCLOROTIAZIDE SANDOZ,
"",KJX,RAMIPRIL IDROCLOROTIAZIDE RATIOPHARM,
"",KJX,RAMIPRIL IDROCLOROTIAZIDE DOC GENERICI,
"",KJX,KRUPLUS,
"",KJY,RAMIPRIL E IDROCLOROTIAZIDE PENSA,
"",KJY,RAMIPRIL IDROCLOROTIAZIDE DOC GENERICI,
"",KJY,RAMIPRIL E IDROCLOROTIAZIDE AUROBINDO,
"",KJY,RAMIPRIL IDROCLOROTIAZIDE EG STADA,
"",KJY,KRUPLUS,
"",KJY,RAMIPRIL IDROCLOROTIAZIDE SANDOZ,
"",KJY,RAMIPRIL E IDROCLOROTIAZIDE MYLAN GENERICS,
"",KJY,RAMIPRIL IDROCLOROTIAZIDE RATIOPHARM,
"",KJY,RAMIPRIL E IDROCLOROTIAZIDE ZENTIVA,
"",KMA,DRONEDARONE ARISTO,
"",KMA,MULTAQ,
"",KMP,ATORVASTATINA NISURA,
"",KMP,ATORVASTATINA DOCGEN,
"",KMQ,ATORVASTATINA DOCGEN,
"",KMQ,ATORVASTATINA NISURA,
"",KNA,DULOXETINA SANDOZ,
"",KNA,EZEQUA,
"",KNA,DULOXETINA PENSA,
"",KNA,DULOXETINA TEVA,
"",KNA,ALIKRES,
"",KNA,DULOXETINA MYLAN,
"",KNA,DULEX,
"",KNA,SILOXEZOL,
"",KNA,DULOXETINA EG,
"",KNA,DULOXETINA AUROBINDO,
"",KNA,DULOXETINA MYLAN,
"",KNA,CYMBALTA,
"",KNA,DULOXETINA DOC GENERICI,
"",KNA,DULOXETINA ZENTIVA,
"",KNA,DULOXETINA ALTER,
"",KNA,DULOXETINA KRKA,
"",KNA,DULOXETINA ZENTIVA,
"",KNB,EZEQUA,
"",KNB,DULOXETINA SANDOZ,
"",KNB,DULOXETINA AUROBINDO,
"",KNB,DULOXETINA ZENTIVA,
"",KNB,DULEX,
"",KNB,DULOXETINA DOC GENERICI,
"",KNB,DULOXETINA KRKA,
"",KNB,DULOXETINA TEVA,
"",KNB,CYMBALTA,
"",KNB,DULOXETINA MYLAN,
"",KNB,DULOXETINA EG,
"",KNB,DULOXETINA ZENTIVA,
"",KNC,DULOXETINA AUROBINDO,
"",KNC,SILOXEZOL,
"",KNC,DULOXETINA SANDOZ,
"",KNC,DULOXETINA PENSA,
"",KNC,DULEX,
"",KNC,DULOXETINA DOC GENERICI,
"",KNC,DULOXETINA ZENTIVA,
"",KNC,EZEQUA,
"",KNC,CYMBALTA,
"",KNC,DULOXETINA EG,
"",KNC,DULOXETINA MYLAN,
"",KNC,ALIKRES,
"",KNC,DULOXETINA ALTER,
"",KNC,DULOXETINA KRKA,
"",KNC,DULOXETINA TEVA,
"",KNC,DULOXETINA MYLAN,
"",KNC,CYMBALTA,
"",KNC,DULOXETINA ZENTIVA,
"",KNR,ENALAPRIL MYLAN GENERICS,
"",KNR,ENALAPRIL PENSA,
"",KNR,ENALAPRIL TEVA ITALIA,
"",KNR,ENALAPRIL SANDOZ,
"",KNR,ENALAPRIL AUROBINDO PHARMA ITALIA,
"",KNR,ENALAPRIL SUN,
"",KNR,ENALAPRIL ALMUS,
"",KNR,ENALAPRIL DOC,
"",KNR,ENALAPRIL EG,
"",KNT,LODICAND,
"",KNT,CANDETENS,
"",KOA,DUTASTERIDE KRKA,
"",KOA,DUTASTERIDE SANDOZ GMBH,
"",KOA,PRODUTAL,
"",KOA,DUTASTERIDE ARISTO,
"",KOA,VIVISTER,
"",KOA,DUTASTERIDE EG,
"",KOA,PRODUXEN,
"",KOA,DECUSTER,
"",KOA,AVODART,
"",KOA,DUTASTERIDE ACCORD,
"",KOA,DUTASTERIDE DOC GENERICI,
"",KOA,DUTASTERIDE ZENTIVA,
"",KOA,DUTASTERIDE MYLAN,
"",KOA,DUTAS,
"",KOA,DUTASTERIDE AUROBINDO,
"",KOA,DUTASTERIDE PENSA,
"",KOA,EPIPROSTIS,
"",KOA,DUAGEN,
"",KOA,DURITAL,
"",KOA,DUTASTERIDE TEVA,
"",KOA,TASDURIT,
"",KOA,DUTASTERIDE TECNIGEN,
"",KOB,PRODUXEN,
"",KOB,PRODIREXAN,
"",KOB,DECUSTER,
"",KOB,VIVISTER,
"",KOU,ENALAPRIL IDROCLOROTIAZIDE EG,
"",KOU,ENALAPRIL IDROCLOROTIAZIDE HEXAL,
"",KOU,ENALAPRIL IDROCLOROTIAZIDE SANDOZ GMBH,
"",KOU,ENALAPRIL IDROCLOROTIAZIDE RATIOPHARM,
"",KOU,ELEKTRA,
"",KOU,ENALAPRIL E IDROCLOROTIAZIDE MYLAN,
"",KOU,ENALAPRIL E IDROCLOROTIAZIDE DOC GENERICI,
"",KOU,ENALAPRIL E IDROCLOROTIAZIDE PENSA,
"",KOV,LISINOPRIL RATIOPHARM,
"",KOV,LISINOPRIL PENSA,
"",KOV,LISINOPRIL MYLAN GENERICS,
"",KOV,LISINOPRIL DOC GENERICI,
"",KOV,LISINOPRIL EG,
"",KOV,LISINOPRIL AUROBINDO,
"",KOV,LISINOPRIL SANDOZ,
"",KOW,LISINOPRIL SANDOZ,
"",KOW,LISINOPRIL DOC GENERICI,
"",KOW,LISINOPRIL MYLAN GENERICS,
"",KOW,LISINOPRIL RATIOPHARM,
"",KOW,LISINOPRIL PENSA,
"",KOW,LISINOPRIL EG,
"",KOW,LISINOPRIL AUROBINDO,
"",KOX,RABEPRAZOLO KRKA,
"",KOX,RABEPRAZOLO ZENTIVA,
"",KOX,RABEPRAZOLO SOS,
"",KOX,STARAB,
"",KOX,RABEPRAZOLO DOC GENERICI,
"",KOX,RABEPRAZOLO EG STADA,
"",KOX,RABEPRAZOLO SANDOZ,
"",KOY,RABEPRAZOLO SANDOZ,
"",KOY,RABEPRAZOLO ZENTIVA,
"",KOY,STARAB,
"",KOY,RABEPRAZOLO KRKA,
"",KOY,RABEPRAZOLO AUROBINDO ITALIA,
"",KOY,RABEPRAZOLO EG STADA,
"",KOY,RABEPRAZOLO SOS,
"",KOY,RABEPRAZOLO ALTER,
"",KOY,RABEPRAZOLO DOC GENERICI,
"",KPA,KESTINE,
"",KPA,CLEVER,
"",KPA,EBASTINA MYLAN PHARMA,
"",KPA,EBASTINA SANDOZ,
"",KPA,EBASTINA EG,
"",KPA,EBASTINA ARISTO,
"",KPA,KESTINE,
"",KPA,EBASTINA AUROBINDO,
"",KPA,EBASTINA TEVA,
"",KPA,EBASTINA DOC,
"",KQA,RELPAX,
"",KQA,ELETRIPTAN AUROBINDO,
"",KQB,ELETRIPTAN AUROBINDO,
"",KQB,RELPAX,
"",KQC,ELETRIPTAN AUROBINDO,
"",KQC,ELETRIPTAN EG,
"",KQC,ELETRIPTAN VIATRIS,
"",KQC,ELETRIPTAN TEVA,
"",KQC,ELETRIPTAN MYLAN,
"",KQC,RELPAX,
"",KQC,ELETRIPTAN DOC,
"",KQO,DOXAZOSIN RATIOPHARM,
"",KQO,DOXAZOSINA MYLAN GENERICS,
"",KQO,DOXAZOSINA ALMUS,
"",KQO,DOXAZOSIN AUROBINDO,
"",KQO,DOXAZOSINA EG,
"",KQO,DOXAZOSINA PENSA,
"",KQO,DOXAZOSINA HEXAL,
"",KQO,DOXAZOSIN DOC GENERICI,
"",KQO,DOXAZOSINA SANDOZ,
"",KQP,TAMSULOSIN MYLAN GENERICS,
"",KQP,TAMSULOSINA KRKA,
"",KQP,TAMSULOSINA EG,
"",KQP,TAMSULOSIN TEVA,
"",KQP,TAMSULOSINA ZENTIVA ITALIA,
"",KQP,TAMSULOSIN PENSA,
"",KQP,TAMSULOSINA AUROBINDO,
"",KQP,ANTUNES,
"",KQP,TAMSULOSINA SANDOZ,
"",KQP,TAMSULOSIN DOC GENERICI,
"",KQS,VENLAFAXINA TEVA ITALIA,
"",KQS,VENLAFAXINA SANDOZ GMBH,
"",KQS,VENLAFAXINA SANDOZ,
"",KQS,VENLAFAXINA EG STADA ITALIA,
"",KQS,VENLAFAXINA DOC GENERICI,
"",KQS,VENLAFAXINA AUROBINDO,
"",KQS,VENLAFAXINA MYLAN GENERICS,
"",KQT,VENLAFAXINA SANDOZ GMBH,
"",KQT,VENLAFAXINA SANDOZ,
"",KQT,VENLAFAXINA EG STADA ITALIA,
"",KQT,VENLAFAXINA TEVA ITALIA,
"",KRA,ATOVER,
"",KRA,ZANIPRIL,
"",KRA,ENALAPRIL E LERCANIDIPINA EG,
"",KRA,ENALAPRIL E LERCANIDIPINA KRKA,
"",KRA,ENALAPRIL E LERCANIDIPINA DOC,
"",KRA,ENALAPRIL E LERCANIDIPINA TEVA,
"",KRA,CORIPREN,
"",KRA,ENALAPRIL E LERCANIDIPINA MYLAN PHARMA,
"",KRA,LERCAPREL,
"",KSV,PRAVASTATINA MYLAN,
"",KSV,PRAVASTATINA RATIOPHARM,
"",KSV,PRAVASTATINA EG,
"",KSV,PRAVASTATINA SANDOZ GMBH,
"",KSW,VASTICOR,
"",KSW,PRAVASTATINA MYLAN,
"",KSW,PRAVASTATINA SANDOZ GMBH,
"",KSW,PRAVASTATINA RATIOPHARM,
"",KSW,PRAVASTATINA DOC GENERICI,
"",KSW,PRAVASTATINA EG,
"",KSX,ROSUVASTATINA E EZETIMIBE TEVA,
"",KSX,ROSUMIBE,
"",KSX,ROSUVASTATINA E EZETIMIBE DOC,
"",KSX,CHOLECOMB,
"",KSX,QUILOGA,
"",KSX,ROZETIMAD,
"",KSX,AUROZEB,
"",KSY,QUILOGA,
"",KSY,CHOLECOMB,
"",KSY,ROSUMIBE,
"",KSY,ROSUVASTATINA E EZETIMIBE DOC,
"",KSY,AUROZEB,
"",KSY,ROSUVASTATINA E EZETIMIBE TEVA,
"",KSY,ROZETIMAD,
"",KSZ,AUROZEB,
"",KSZ,ROSUVASTATINA E EZETIMIBE TEVA,
"",KSZ,CHOLECOMB,
"",KSZ,ROSUMIBE,
"",KSZ,QUILOGA,
"",KSZ,ROZETIMAD,
"",KSZ,ROSUVASTATINA E EZETIMIBE DOC,
"",KVL,FINASTERIDE PENSA,
"",KVL,FINASTERIDE DOC,
"",KVL,ASTERID,
"",KVL,FINASTERIDE MYLAN ITALIA,
"",KWJ,VENLAFAXINA MYLAN GENERICS,
"",KWJ,VENLAFAXINA DOC GENERICI,
"",KWJ,VENLAFAXINA AUROBINDO,
"",KWK,LISINOPRIL E IDROCLOROTIAZIDE DOC GENERICI,
"",KWK,LISINOPRIL IDROCLOROTIAZIDE MYLAN GENERICS,
"",KWK,LISINOPRIL IDROCLOROTIAZIDE SANDOZ,
"",KWK,LISINOPRIL IDROCLOROTIAZIDE EG,
"",KWK,LISINOPRIL IDROCLOROTIAZIDE TEVA,
"",KXL,SIMVASTATINA HEXAL,
"",KXL,SIMVASTATINA AUROBINDO,
"",KXL,SIMVASTATINA SANDOZ,
"",KXL,SIMVASTATINA TEVA ITALIA,
"",KYL,ROSETEM,
"",KYL,ROSUVASTATINA E EZETIMIBE DOC,
"",KYL,MAORIS,
"",KYL,COMPUNA,
"",KYL,EZATEROS,
"",KYT,ROSETEM,
"",KYT,EZATEROS,
"",KYT,ROSUVASTATINA E EZETIMIBE DOC,
"",KYT,COMPUNA,
"",KYT,MAORIS,
"",KYU,ROSUVASTATINA E EZETIMIBE DOC,
"",KYU,EZATEROS,
"",KYU,ROSETEM,
"",KYU,MAORIS,
"",KYU,COMPUNA,
"",L2A,ESCITALOPRAM ZENTIVA,
"",L2A,PRAMEFFEX,
"",L2A,AMASCI,
"",L2A,ESCITALOPRAM SUN,
"",L2A,ESCITALOPRAM SANDOZ,
"",L2A,ESCITALOPRAM PENSA,
"",L2A,ESCITALOPRAM TEVA,
"",L2A,ESCITALOPRAM DOC GENERICS,
"",L2A,ENTACT,
"",L2A,ESCITALOPRAM LABORATORI ALTER,
"",L2A,GIACHELA,
"",L2A,ESCITALOPRAM EG,
"",L2A,ESCITALOPRAM ACCORD,
"",L2A,ESCITALOPRAM MYLAN,
"",L2A,ESCERTAL,
"",L2A,ESCITALOPRAM AUROBINDO,
"",L2A,ESCITALOPRAM KRKA,
"",L2A,ESCITALOPRAM DOC GENERICI,
"",L2A,ESCITALOPRAM TECNIGEN,
"",L2A,ESCITALOPRAM EG STADA ITALIA,
"",L2A,CIPRALEX,
"",L2B,DINOL,
"",L2B,ESCITALOPRAM EG STADA,
"",L2B,ESCITALOPRAM SUN PHARMA,
"",L2B,ENTACT,
"",L2B,ESCITALOPRAM PENSA PHARMA,
"",L2B,PRAMEFFEX,
"",L2B,ESCITALOPRAM ALTER,
"",L2B,ESCITALOPRAM ZENTIVA ITALIA,
"",L2B,CIPRALEX,
"",L2B,ESCITALOPRAM SANDOZ GMBH,
"",L2B,GOMEISA,
"",L2B,GIACHELA,
"",L2B,CIPRALEX,
"",L2B,ESCITALOPRAM DOC,
"",L2B,ESCITALOPRAM MYLAN GENERICS,
"",L2B,ESCITALOPRAM TEVA GENERICS,
"",L2C,ESCITALOPRAM TECNIGEN,
"",L2C,ESCITALOPRAM ACCORD,
"",L2C,CIPRALEX,
"",L2C,CIPRALEX,
"",L2C,AMASCI,
"",L2C,ESCITALOPRAM MYLAN,
"",L2C,ESCITALOPRAM EG,
"",L2C,SOSECIT,
"",L2C,ESCITALOPRAM DOC GENERICS,
"",L2C,CIPRALEX,
"",L2C,ESCITALOPRAM AUROBINDO,
"",L2C,ESCITALOPRAM LABORATORI ALTER,
"",L2C,ESCITALOPRAM SUN,
"",L2C,GIACHELA,
"",L2C,ESCITALOPRAM KRKA,
"",L2C,ESCITALOPRAM EG STADA ITALIA,
"",L2C,ESCITALOPRAM DOC GENERICI,
"",L2C,ESCERTAL,
"",L2C,ESCITALOPRAM ZENTIVA,
"",L2C,PRAMEFFEX,
"",L2C,ENTACT,
"",L2C,ESCITALOPRAM SANDOZ,
"",L2C,ESCITALOPRAM TEVA,
"",L2C,ESCITALOPRAM PENSA,
"",L5A,PAOSONELLE,
"",L5A,ANGELIQ,
"",LCM,DOXAZOSINA SANDOZ,
"",LCM,DOXAZOSINA MYLAN  GENERICS,
"",LFQ,FLECAINIDE AUROBINDO,
"",LFQ,FLECAINIDE SANDOZ,
"",LGO,PERINDOPRIL INDAPAMIDE AMLODIPINA DOC GENERICI,
"",LGO,LOPRIDAM,
"",LGO,TRIPLIAM,
"",LGP,LOPRIDAM,
"",LGP,PERINDOPRIL INDAPAMIDE AMLODIPINA DOC GENERICI,
"",LGP,TRIPLIAM,
"",LGQ,TRIPLIAM,
"",LGQ,LOPRIDAM,
"",LGQ,PERINDOPRIL INDAPAMIDE AMLODIPINA DOC GENERICI,
"",LGR,TRIPLIAM,
"",LGR,LOPRIDAM,
"",LGR,PERINDOPRIL INDAPAMIDE AMLODIPINA DOC GENERICI,
"",LGY,CISON,
"",LGY,SOFLON,
"",LGY,CORTIREX,
"",LHA,EZETIMIBE ZENTIVA,
"",LHA,EZETROL,
"",LHA,EZETIMIBE TEVA,
"",LHA,EZETIMIBE EG,
"",LHA,MIBECOL,
"",LHA,ABSORCOL,
"",LHA,ZETIA,
"",LHA,LEZIMIS,
"",LHA,EZETIMIBE SANDOZ,
"",LHA,EZELIP,
"",LHA,EZETIMIBE ACCORD,
"",LHA,EZETIMIBE DOC GENERICI,
"",LHA,EZETIMIBE KRKA,
"",LHA,EZETIMIBE ARISTO,
"",LHA,EZETIMIBE MYLAN,
"",LHA,EZETIMIBE MYLAN,
"",LHA,EZETIMIBE PENSA,
"",LHA,EZETIMIBE AUROBINDO,
"",LHA,EZETIMIBE ZENTIVA,
"",LHA,EZETIMIBE TECNIGEN,
"",LHA,EZETIMIBE ALTER,
"",LHA,TRIZIBE,
"",LHA,CORINTUS,
"",LIA,AMISITELA,
"",LIA,EZETIMIBE E SIMVASTATINA TEVA B.V.,
"",LIA,GOLTOR,
"",LIA,EZETIMIBE E SIMVASTATINA ALTER,
"",LIA,STATICOL,
"",LIA,VYTORIN,
"",LIA,ZESTAN,
"",LIA,EZETIMIBE E SIMVASTATINA TECNIGEN,
"",LIA,EZETIMIBE E SIMVASTATINA AUROBINDO,
"",LIA,EZETIMIBE E SIMVASTATINA EG,
"",LIA,EZETIMIBE E SIMVASTATINA DOC GENERICI,
"",LIA,INEGY,
"",LIA,EZETIMIBE E SIMVASTATINA ZENTIVA,
"",LIA,EZETIMIBE E SIMVASTATINA SANDOZ,
"",LIA,EZETIMIBE E SIMVASTATINA ALMUS,
"",LIA,EZETIMIBE E SIMVASTATINA SUN,
"",LIA,ZEVISTAT,
"",LIA,EZETIMIBE E SIMVASTATINA KRKA,
"",LIA,EZETIMIBE E SIMVASTATINA MYLAN,
"",LIB,EZETIMIBE E SIMVASTATINA KRKA,
"",LIB,INEGY,
"",LIB,EZETIMIBE E SIMVASTATINA EG,
"",LIB,EZETIMIBE E SIMVASTATINA ALMUS,
"",LIB,EZETIMIBE E SIMVASTATINA TEVA B.V.,
"",LIB,EZETIMIBE E SIMVASTATINA SUN,
"",LIB,ZESTAN,
"",LIB,EZETIMIBE E SIMVASTATINA MYLAN,
"",LIB,EZETIMIBE E SIMVASTATINA SANDOZ,
"",LIB,AMISITELA,
"",LIB,GOLTOR,
"",LIB,EZETIMIBE E SIMVASTATINA TECNIGEN,
"",LIB,EZETIMIBE E SIMVASTATINA TEVA,
"",LIB,ZEVISTAT,
"",LIB,EZETIMIBE E SIMVASTATINA ALTER,
"",LIB,EZETIMIBE E SIMVASTATINA AUROBINDO,
"",LIB,VYTORIN,
"",LIB,EZETIMIBE E SIMVASTATINA DOC GENERICI,
"",LIB,STATICOL,
"",LIB,EZETIMIBE E SIMVASTATINA ZENTIVA,
"",LIC,EZETIMIBE E SIMVASTATINA ALMUS,
"",LIC,EZETIMIBE E SIMVASTATINA KRKA,
"",LIC,EZETIMIBE E SIMVASTATINA SUN,
"",LIC,INEGY,
"",LIC,EZETIMIBE E SIMVASTATINA ZENTIVA,
"",LIC,STATICOL,
"",LIC,ZESTAN,
"",LIC,EZETIMIBE E SIMVASTATINA TEVA B.V.,
"",LIC,GOLTOR,
"",LIC,EZETIMIBE E SIMVASTATINA SANDOZ,
"",LIC,EZETIMIBE E SIMVASTATINA EG,
"",LIC,EZETIMIBE E SIMVASTATINA MYLAN,
"",LIC,EZETIMIBE E SIMVASTATINA TEVA,
"",LIC,VYTORIN,
"",LIC,EZETIMIBE E SIMVASTATINA AUROBINDO,
"",LIC,ZEVISTAT,
"",LIC,EZETIMIBE E SIMVASTATINA DOC GENERICI,
"",LIC,EZETIMIBE E SIMVASTATINA ALTER,
"",LNG,OXYPRONAL,
"",LNG,DOLSTIP,
"",LNM,ANCILLEG,
"",LNM,EZEVAST,
"",LNM,TOVASTIBE,
"",LNM,EZETIMIBE E ATORVASTATINA DOC,
"",LNX,EZEVAST,
"",LNX,ANCILLEG,
"",LNX,TOVASTIBE,
"",LNX,EZETIMIBE E ATORVASTATINA DOC,
"",LOK,FEDIVELLE,
"",LOK,NODIGAP,
"",LPA,FEBUXOSTAT AUROBINDO,
"",LPA,GOTTART,
"",LPA,FEBUXOSTAT DOC GENERICI,
"",LPA,DYMAURIC,
"",LPA,FEBUXOSTAT ACCORD,
"",LPA,FEBUXOSTAT SANDOZ,
"",LPA,GAUTI,
"",LPA,FEBUXOSTAT MYLAN,
"",LPA,FEBUXOSTAT EG,
"",LPA,FEBUXEN,
"",LPA,FEBUXOSTAT TEVA,
"",LPA,FEBUXOSTAT ARISTO,
"",LPA,ADENURIC,
"",LPA,FEBUXOSTAT KRKA,
"",LPA,URIQUID,
"",LPA,ALPHABUX,
"",LPA,FEBUXOSTAT ZENTIVA ITALIA,
"",LPB,FEBUXOSTAT MYLAN,
"",LPB,GAUTI,
"",LPB,FEBUXOSTAT PENSA,
"",LPB,FEBUXOSTAT ARISTO,
"",LPB,ARBUX,
"",LPB,ALPHABUX,
"",LPB,FEBUXOSTAT DOC GENERICI,
"",LPB,FEBUXOSTAT KRKA,
"",LPB,FEBUXOSTAT TECNIGEN,
"",LPB,DYMAURIC,
"",LPB,FEBUXEN,
"",LPB,ADENURIC,
"",LPB,FEBUXOSTAT EG,
"",LPB,FEBUXOSTAT SANDOZ,
"",LPB,FEBUXOSTAT AUROBINDO,
"",LPB,FEBUXOSTAT ZENTIVA ITALIA,
"",LPB,FEBUXOSTAT ACCORD,
"",LPB,URIQUID,
"",LPB,FEBUXOSTAT TEVA,
"",LPB,GOTTART,
"",LSJ,TOVASTIBE,
"",LSJ,EZEVAST,
"",LTK,PRESSAFIX,
"",LTK,RAMLOID,
"",LTL,RAMLOID,
"",LTL,PRESSAFIX,
"",LTM,RAMLOID,
"",LTM,PRESSAFIX,
"",LTN,PRESSAFIX,
"",LTN,RAMLOID,
"",LWA,TRAVOPROST ZENTIVA,
"",LWA,TRAVATAN,
"",LWA,TRAVOPROST EG,
"",LWA,ACAMBA,
"",LWA,TRAVOPROST TEVA,
"",LWA,BRUNITRAV,
"",LWA,MENEZON,
"",LWA,TRAVOPROST SANDOZ,
"",LWA,TRAVOPROST MYLAN,
"",LWA,TRAVOPROST DOC GENERICI,
"",LWA,UMOSTIL,
"",LXL,RAMIPRIL AMLODIPINA IDROCLOROTIAZIDE DOC,
"",LXL,SARASVATI,
"",LXM,RAMIPRIL AMLODIPINA IDROCLOROTIAZIDE DOC,
"",LXM,SARASVATI,
"",LXO,RAMIPRIL AMLODIPINA IDROCLOROTIAZIDE DOC,
"",LXO,SARASVATI,
"",LXP,SARASVATI,
"",LXP,RAMIPRIL AMLODIPINA IDROCLOROTIAZIDE DOC,
"",LXR,GADUAR,
"",LXR,OLMESARTAN MEDOXOMIL AMLODIPINA IDROCLOROTIAZIDE DOC,
"",LXS,OLMESARTAN MEDOXOMIL AMLODIPINA IDROCLOROTIAZIDE DOC,
"",LXS,GADUAR,
"",LXT,OLMESARTAN MEDOXOMIL AMLODIPINA IDROCLOROTIAZIDE DOC,
"",LXT,GADUAR,
"",LXU,GADUAR,
"",LXU,OLMESARTAN MEDOXOMIL AMLODIPINA IDROCLOROTIAZIDE DOC,
"",M8A,FLIXOTIDE,
"",M8A,FLUTICASONE DOC,
"",M8A,FLUSPIRAL,
"",M8C,FLIXODERM,
"",M8C,FLUTICREM,
"",M8F,FLIXOTIDE,
"",M8F,FLUSPIRAL,
"",M8F,FLUTICASONE DOC,
"",MDA,RILAMIG,
"",MDA,AURADOL,
"",MDB,FROVATRIPTAN DOC GENERICI,
"",MDB,AURADOL,
"",MDB,FROVATRIPTAN MYLAN,
"",MDB,FROVATRIPTAN TEVA,
"",MDB,RILAMIG,
"",MDB,FROVATRIPTAN EG,
"",MUA,PLAQUENIL,
"",MUA,IDROSSICLOROCHINA DOC,
"",MWA,ALDARA,
"",MWA,IMUNOCARE,
"",NAX,NIFEDIPINA DOC,
"",NAX,NIFEDIPINA MYLAN GENERICS ITALIA,
"",NIA,ATEM,
"",NIA,IPRAXA,
"",NJA,IRBETENS,
"",NJA,IRBESARTAN ZENTIVA,
"",NJA,RABESAT,
"",NJA,IRBESARTAN SANDOZ,
"",NJA,IRBESARTAN ACCORD,
"",NJA,IRBESARTAN TEVA,
"",NJA,IRBESARTAN MACLEODS PHARMA,
"",NJA,ABESART,
"",NJA,IRBESARTAN SUN,
"",NJA,IRBESARTAN AUROBINDO,
"",NJA,APROVEL,
"",NJA,IRBESARTAN TECNIGEN,
"",NJA,IFIRMASTA,
"",NJA,IRBESARTAN EG,
"",NJA,IRBESARTAN DOC GENERICI,
"",NJA,IRBESARTAN ZENTIVA,
"",NJA,IRBESARTAN MYLAN,
"",NJA,KARVEA,
"",NJA,RETENSIR,
"",NJB,IRBESARTAN DOC GENERICI,
"",NJB,IRBESARTAN ZENTIVA,
"",NJB,IRBESARTAN SUN,
"",NJB,APROVEL,
"",NJB,IRBESARTAN TEVA,
"",NJB,IRBESARTAN ACCORD,
"",NJB,IRBESARTAN MYLAN,
"",NJB,IRBESARTAN ZENTIVA,
"",NJB,ABESART,
"",NJB,RABESAT,
"",NJB,IRBESARTAN EG,
"",NJB,IRBESARTAN TECNIGEN,
"",NJB,IFIRMASTA,
"",NJB,KARVEA,
"",NJB,RETENSIR,
"",NJB,IRBESARTAN SANDOZ,
"",NJB,IRBESARTAN AUROBINDO,
"",NJB,IRBETENS,
"",NKA,COAPROVEL,
"",NKA,KARVEZIDE,
"",NKA,IRBESARTAN E IDROCLOROTIAZIDE PENSA,
"",NKA,IRBESARTAN HYDROCLOROTIAZIDE ZENTIVA,
"",NKA,IRBESARTAN/IDROCLOROTIAZIDE TEVA,
"",NKA,IRBESARTAN E IDROCLOROTIAZIDE AUROBINDO,
"",NKA,IRBESARTAN E IDROCLOROTIAZIDE EG,
"",NKA,IRBESARTAN E IDROCLOROTIAZIDE MACLEODS PHARMA,
"",NKA,COABESART,
"",NKA,RATIPRED,
"",NKA,IRBESARTAN E IDROCLOROTIAZIDE MYLAN,
"",NKA,IRBESARTAN E IDROCLOROTIAZIDE ALTER,
"",NKA,IRBEDIUR,
"",NKA,IRBESARTAN E IDROCLOROTIAZIDE TECNIGEN,
"",NKA,IFIRMACOMBI,
"",NKA,IRBESARTAN HYDROCLOROTIAZIDE ZENTIVA,
"",NKA,IRBESARTAN E IDROCLOROTIAZIDE DOC GENERICI,
"",NKA,IRBESARTAN E IDROCLOROTIAZIDE SANDOZ,
"",NKB,IRBESARTAN E IDROCLOROTIAZIDE AUROBINDO,
"",NKB,IFIRMACOMBI,
"",NKB,IRBESARTAN E IDROCLOROTIAZIDE DOC GENERICI,
"",NKB,IRBESARTAN E IDROCLOROTIAZIDE ALTER,
"",NKB,COAPROVEL,
"",NKB,KLUGEN,
"",NKB,RATIPRED,
"",NKB,IRBESARTAN E IDROCLOROTIAZIDE TECNIGEN,
"",NKB,IRBESARTAN HYDROCLOROTIAZIDE ZENTIVA,
"",NKB,COABESART,
"",NKB,IRBESARTAN E IDROCLOROTIAZIDE MACLEODS PHARMA,
"",NKB,IRBESARTAN/IDROCLOROTIAZIDE TEVA,
"",NKB,IRBESARTAN E IDROCLOROTIAZIDE EG,
"",NKB,KARVEZIDE,
"",NKB,IRBESARTAN E IDROCLOROTIAZIDE MYLAN,
"",NKB,IRBEDIUR,
"",NKB,IRBESARTAN E IDROCLOROTIAZIDE SANDOZ,
"",NKB,IRBESARTAN HYDROCLOROTIAZIDE ZENTIVA,
"",NKC,IRBESARTAN E IDROCLOROTIAZIDE MACLEODS PHARMA,
"",NKC,IFIRMACOMBI,
"",NKC,IRBESARTAN E IDROCLOROTIAZIDE EG,
"",NKC,COAPROVEL,
"",NKC,COABESART,
"",NKC,IRBEDIUR,
"",NKC,IRBESARTAN E IDROCLOROTIAZIDE ALTER,
"",NKC,IRBESARTAN E IDROCLOROTIAZIDE DOC GENERICI,
"",NKC,IRBESARTAN E IDROCLOROTIAZIDE AUROBINDO,
"",NKC,IRBESARTAN HYDROCLOROTIAZIDE ZENTIVA,
"",NKC,RATIPRED,
"",NKC,KARVEZIDE,
"",NKC,IRBESARTAN/IDROCLOROTIAZIDE TEVA,
"",NKC,IRBESARTAN E IDROCLOROTIAZIDE SANDOZ,
"",NKC,IRBESARTAN E IDROCLOROTIAZIDE MYLAN,
"",NKC,IRBESARTAN E IDROCLOROTIAZIDE TECNIGEN,
"",NPA,PROCORALAN,
"",NPA,IVABRADINA EG,
"",NPA,IVABRADINA MYLAN PHARMA,
"",NPA,IVABRADINA KRKA,
"",NPA,IVABRADINA ZENTIVA,
"",NPA,IVABRADINA TEVA ITALIA,
"",NPA,IVABRADINA AUROBINDO,
"",NPA,IVABRADINA ARISTO,
"",NPA,IVABRADINA DOC GENERICI,
"",NPA,IVABRADINA SANDOZ,
"",NPA,IVABRADINA ACCORD,
"",NPA,CORLENTOR,
"",NPB,IVABRADINA ACCORD,
"",NPB,IVABRADINA TEVA ITALIA,
"",NPB,PROCORALAN,
"",NPB,IVABRADINA AUROBINDO,
"",NPB,CORLENTOR,
"",NPB,IVABRADINA KRKA,
"",NPB,IVABRADINA MYLAN PHARMA,
"",NPB,IVABRADINA ARISTO,
"",NPB,IVABRADINA ZENTIVA,
"",NPB,IVABRADINA SANDOZ,
"",NPB,IVABRADINA DOC GENERICI,
"",NPB,IVABRADINA EG,
"",NRA,LACOSAMIDE EG*,
"",NRA,LACOSAMIDE SANDOZ*,
"",NRA,LACOSAMIDE ACCORD*,
"",NRA,STUTAN*,
"",NRA,LACOSAMIDE MYLAN*,
"",NRA,LACOSAMIDE TEVA*,
"",NRA,VIMPAT*,
"",NRA,LACOSAMIDE KRKA*,
"",NRB,NEPILEX*,
"",NRB,LACOSAMIDE SANDOZ*,
"",NRB,LACOSAMIDE DOC*,
"",NRB,VIMPAT*,
"",NRB,LACOSAMIDE KRKA*,
"",NRB,LACOSAMIDE ACCORD*,
"",NRB,LAPRYSTA*,
"",NRB,LACOSAMIDE MYLAN*,
"",NRB,LACOSAMIDE AUROBINDO*,
"",NRB,LACOSAMIDE EG*,
"",NRB,LACOSAMIDE TEVA*,
"",NRB,LACOSAMIDE ZENTIVA*,
"",NRB,STUTAN*,
"",NRC,VIMPAT*,
"",NRC,LACOSAMIDE SANDOZ*,
"",NRD,LACOSAMIDE ZENTIVA*,
"",NRD,LACOSAMIDE KRKA*,
"",NRD,LAPRYSTA*,
"",NRD,LACOSAMIDE MYLAN*,
"",NRD,LACOSAMIDE EG*,
"",NRD,LACOSAMIDE SANDOZ*,
"",NRD,LACOSAMIDE TEVA*,
"",NRD,STUTAN*,
"",NRD,VIMPAT*,
"",NRD,NEPILEX*,
"",NRD,LACOSAMIDE DOC*,
"",NRD,LACOSAMIDE AUROBINDO*,
"",NRE,LACOSAMIDE TEVA*,
"",NRE,LACOSAMIDE ACCORD*,
"",NRE,LACOSAMIDE KRKA*,
"",NRE,LAPRYSTA*,
"",NRE,NEPILEX*,
"",NRE,LACOSAMIDE SANDOZ*,
"",NRE,LACOSAMIDE DOC*,
"",NRE,LACOSAMIDE EG*,
"",NRE,VIMPAT*,
"",NRE,LACOSAMIDE MYLAN*,
"",NRE,LACOSAMIDE ZENTIVA*,
"",NRE,LACOSAMIDE AUROBINDO*,
"",NRE,STUTAN*,
"",NRF,LACOSAMIDE DOC*,
"",NRF,LACOSAMIDE SANDOZ*,
"",NRF,NEPILEX*,
"",NRF,LACOSAMIDE ACCORD*,
"",NRF,LACOSAMIDE KRKA*,
"",NRF,LACOSAMIDE MYLAN*,
"",NRF,STUTAN*,
"",NRF,LACOSAMIDE AUROBINDO*,
"",NRF,LACOSAMIDE EG*,
"",NRF,VIMPAT*,
"",NRF,LACOSAMIDE TEVA*,
"",NRG,STUTAN*,
"",NRG,LACOSAMIDE SANDOZ*,
"",NRG,VIMPAT*,
"",NRG,LACOSAMIDE TEVA*,
"",NRG,LACOSAMIDE DOC*,
"",NRG,LACOSAMIDE AUROBINDO*,
"",NRG,LAPRYSTA*,
"",NRG,LACOSAMIDE ZENTIVA*,
"",NRG,LACOSAMIDE EG*,
"",NRG,LACOSAMIDE MYLAN*,
"",NRG,NEPILEX*,
"",NRG,LACOSAMIDE KRKA*,
"",NSA,IPSTYL,
"",NSA,MYRELEZ,
"",NSC,IPSTYL,
"",NSC,MYRELEZ,
"",NSD,MYRELEZ,
"",NSD,IPSTYL,
"",NYA,STALEVO,
"",NYA,LEVODOPA/CARBIDOPA/ENTACAPONE TEVA,
"",NYA,LEVODOPA/CARBIDOPA/ENTACAPONE MYLAN,
"",NYA,CORBILTA,
"",NYB,LEVODOPA/CARBIDOPA/ENTACAPONE TEVA,
"",NYB,CORBILTA,
"",NYB,STALEVO,
"",NYB,LEVODOPA CARBIDOPA ENTACAPONE MYLAN,
"",NYC,CORBILTA,
"",NYC,STALEVO,
"",NYC,LEVODOPA/CARBIDOPA/ENTACAPONE MYLAN,
"",NYC,LEVODOPA/CARBIDOPA/ENTACAPONE TEVA,
"",NYD,STALEVO,
"",NYD,LEVODOPA/CARBIDOPA/ENTACAPONE MYLAN,
"",NYD,LEVODOPA/CARBIDOPA/ENTACAPONE TEVA,
"",NYD,CORBILTA,
"",NYE,STALEVO,
"",NYE,LEVODOPA/CARBIDOPA/ENTACAPONE TEVA,
"",NYE,LEVODOPA/CARBIDOPA/ENTACAPONE MYLAN,
"",NYE,CORBILTA,
"",NYF,LEVODOPA/CARBIDOPA/ENTACAPONE TEVA,
"",NYF,LEVODOPA/CARBIDOPA/ENTACAPONE MYLAN,
"",NYF,STALEVO,
"",NYF,CORBILTA,
"",OGA,MEMANTINA AUROBINDO,
"",OGA,EZEMANTIS,
"",OGA,EBIXA,
"",OGA,MEMANTINA DOC GENERICI,
"",OGA,DEMENCO,
"",OGA,MEMANTINA MYLAN,
"",OGA,MEMANTINA SANDOZ,
"",OGA,MEMANTINA TECNIGEN,
"",OGA,MEMANTINA ACCORD,
"",OGB,MEMANTINA AUROBINDO,
"",OGB,EBIXA,
"",OGB,MEMANTINA ACCORD,
"",OGB,MEMANTINA DOC GENERICI,
"",OGB,MEMANTINA TECNIGEN,
"",OGB,MEMANTINA SANDOZ,
"",OGB,EZEMANTIS,
"",OGB,MEMANTINA MYLAN,
"",OGC,EBIXA,
"",OGC,SOLEMANTIS,
"",OGC,MEMANTINA DOC,
"",OQA,METILPREDNISOLONE EG,
"",OQA,METILPREDNISOLONE DOC,
"",OQA,METILDROL,
"",OQA,MEDROL,
"",OXA,MIGLUSTAT GEN ORPH,
"",OXA,MIGLUSTAT DIPHARMA,
"",OXA,ZAVESCA,
"",OXA,YARGESA,
"",OXA,MIGLUSTAT ACCORD,
"",P1B,WELLBUTRIN,
"",P1B,ELONTRIL,
"",P1B,BUPROPIONE TEVA,
"",P1B,BUPROPIONE DOC,
"",P1B,WELLBUTRIN,
"",P1B,BUPROPIONE SANDOZ,
"",P6A,SINGULAIR,
"",P6A,SINGULAIR,
"",P6A,SINGULAIR,
"",P6A,MONTELUKAST ACCORD,
"",P6A,TELELUX,
"",P6A,MONKASTA,
"",P6A,MONTELUKAST GIT,
"",P6A,SINGULAIR,
"",P6A,MONTELUKAST DOC GENERICI,
"",P6A,LEUKAST,
"",P6A,BROKAST,
"",P6A,MONTELUKAST ALTER,
"",P6A,LUKANOF,
"",P6A,LUKASM,
"",P6A,MONTELUKAST MYLAN GENERICS,
"",P6A,MONTELUKAST PENSA,
"",P6A,MONTELUKAST TECNIGEN,
"",P6A,MONTELUKAST TEVA,
"",P6A,MONAST,
"",P6A,MONTELUKAST EG,
"",P6A,SINGULAIR,
"",P6A,MONTEGEN,
"",P6A,MONTELUKAST SUN,
"",P6A,SINGULAIR,
"",P6A,ELUNKAST,
"",P6A,SASLONG,
"",P6A,MONTELUKAST SANDOZ,
"",P6A,MONTELUKAST AUROBINDO,
"",P6A,SINGULAIR,
"",P6A,NOLUS,
"",P6A,SINGULAIR,
"",P6A,MONTELUKAST ZENTIVA,
"",P6B,MONTELUKAST AUROBINDO PHARMA ITALIA,
"",P6B,MONTELUKAST SANDOZ GMBH,
"",P6B,LUKASM,
"",P6B,MONTELUKAST GIT,
"",P6B,MONTELUKAST DOROM,
"",P6B,MONKASTA,
"",P6B,MONTELUKAST PENSA,
"",P6B,MONTEGEN,
"",P6B,SINGULAIR,
"",P6B,ALEAST,
"",P6B,SINGULAIR,
"",P6B,MONTELUKAST AHCL,
"",P6B,MONTEGEN,
"",P6B,SASLONG,
"",P6B,MONTELUKAST ZENTIVA,
"",P6B,LEUKAST,
"",P6B,MONTELUKAST DOC,
"",P6B,MONTELUKAST TEVA ITALIA,
"",P6B,MONTELUKAST MYLAN,
"",P6B,LUKASM,
"",P6C,MONTELUKAST MYLAN,
"",P6C,ALEAST,
"",P6C,MONTELUKAST AUROBINDO PHARMA ITALIA,
"",P6C,MONTELUKAST GIT,
"",P6C,MONTELUKAST TEVA ITALIA,
"",P6C,MONTEGEN,
"",P6C,MONTELUKAST SANDOZ GMBH,
"",P6C,MONTELUKAST EG,
"",P6C,MONKASTA,
"",P6C,MONTELUKAST AHCL,
"",P6C,SASLONG,
"",P6C,MONTELUKAST ZENTIVA,
"",P6C,MONTELUKAST DOC,
"",P6C,LEUKAST,
"",P6C,SINGULAIR,
"",P6C,MONTELUKAST PENSA,
"",P6C,SINGULAIR,
"",P8A,MS CONTIN,
"",P8A,TWICE,
"",P8B,MS CONTIN,
"",P8B,TWICE,
"",P8F,TWICE,
"",P8F,MS CONTIN,
"",P8H,TWICE,
"",P8H,MS CONTIN,
"",P9A,MOXIFLOXACINA PENSA,
"",P9A,AVALOX,
"",P9A,MOXIFLOXACINA AUROBINDO,
"",P9A,MOXIFLOXACINA KRKA,
"",P9A,MOXIFLOXACINA TEVA,
"",PAA,NOBIZIDE,
"",PAA,NEBIVOLOLO E IDROCLOROTIAZIDE SANDOZ,
"",PAA,NEBIVOLOLO E IDROCLOROTIAZIDE MYLAN,
"",PAA,LOBIDIUR,
"",PAA,ALONEB,
"",PAA,NEBIVOLOLO E IDROCLOROTIAZIDE DOC GENERICI,
"",PAA,NEBIVOLOLO E IDROCLOROTIAZIDE EG,
"",PAA,NEBIVOLOLO E IDROCLOROTIAZIDE TEVA ITALIA,
"",PAB,NEBIVOLOLO E IDROCLOROTIAZIDE MYLAN,
"",PAB,ALONEB,
"",PAB,NEBIVOLOLO E IDROCLOROTIAZIDE EG,
"",PAB,LOBIDIUR,
"",PAB,NEBIVOLOLO E IDROCLOROTIAZIDE SANDOZ,
"",PAB,NOBIZIDE,
"",PAB,NEBIVOLOLO E IDROCLOROTIAZIDE TEVA ITALIA,
"",PAB,NEBIVOLOLO E IDROCLOROTIAZIDE DOC GENERICI,
"",PLA,OLMESARTAN MEDOXOMIL TEVA,
"",PLA,OLMESARTAN DOC GENERICI,
"",PLA,PLAUNAC,
"",PLA,OLMESARTAN MEDOXOMIL AUROBINDO,
"",PLA,OLMETEC,
"",PLA,OLMESARTAN MEDOXOMIL MYLAN,
"",PLA,OLMESARTAN MEDOXOMIL EG,
"",PLA,IDALMAN,
"",PLA,OLMESARTAN MEDOXOMIL ACCORD,
"",PLA,OLMESARTAN MEDOXOMIL ALTER,
"",PLA,OLMESARTAN MEDOXOMIL SANDOZ,
"",PLA,OLMESARTAN MEDOXOMIL PENSA,
"",PLA,OLMEDIE,
"",PLA,OLMESARTAN MEDOXOMIL ZENTIVA,
"",PLA,OLPRESS,
"",PLA,OLMESARTAN HCS,
"",PLB,OLMESARTAN MEDOXOMIL AUROBINDO,
"",PLB,OLMESARTAN DOC GENERICI,
"",PLB,IDALMAN,
"",PLB,OLMESARTAN MEDOXOMIL EG,
"",PLB,OLMESARTAN MEDOXOMIL MYLAN,
"",PLB,PLAUNAC,
"",PLB,OLMESARTAN MEDOXOMIL ACCORD,
"",PLB,OLMESARTAN MEDOXOMIL PENSA,
"",PLB,OLMESARTAN MEDOXOMIL ALTER,
"",PLB,OLPRESS,
"",PLB,OLMESARTAN MEDOXOMIL ZENTIVA,
"",PLB,OLMESARTAN MEDOXOMIL SANDOZ,
"",PLB,OLMESARTAN HCS,
"",PLB,OLMEDIE,
"",PLB,OLMESARTAN MEDOXOMIL TEVA,
"",PLB,OLMETEC,
"",PLC,OLMESARTAN MEDOXOMIL PENSA,
"",PLC,OLMESARTAN MEDOXOMIL AUROBINDO,
"",PLC,OLMESARTAN MEDOXOMIL ZENTIVA,
"",PLC,OLMESARTAN HCS,
"",PLC,OLMETEC,
"",PLC,PLAUNAC,
"",PLC,OLMESARTAN MEDOXOMIL ALTER,
"",PLC,OLMESARTAN MEDOXOMIL MYLAN,
"",PLC,OLMESARTAN MEDOXOMIL ACCORD,
"",PLC,OLMESARTAN MEDOXOMIL SANDOZ,
"",PLC,IDALMAN,
"",PLC,OLMESARTAN MEDOXOMIL EG,
"",PLC,OLMEDIE,
"",PLC,OLPRESS,
"",PLC,OLMESARTAN DOC GENERICI,
"",PLC,OLMESARTAN MEDOXOMIL TEVA,
"",PMA,OLMESARTAN E AMLODIPINA EG,
"",PMA,OLMESARTAN E AMLODIPINA DOC,
"",PMA,OLMESARTAN MEDOXOMIL E AMLODIPINA SANDOZ,
"",PMA,GIANT,
"",PMA,BIVIS,
"",PMA,OLMESARTAN E AMLODIPINA HCS,
"",PMA,OLMESARTAN MEDOXOMIL E AMLODIPINA MYLAN,
"",PMA,OLMESARTAN E AMLODIPINA PENSA,
"",PMA,OLSART,
"",PMA,OLMESARTAN MEDOXOMIL E AMLODIPINA TEVA,
"",PMA,OLMESARTAN MEDOXOMIL E AMLODIPINA ACCORD,
"",PMA,SEVIKAR,
"",PMA,OLMESARTAN E AMLODIPINA ZENTIVA,
"",PMB,SEVIKAR,
"",PMB,OLMESARTAN MEDOXOMIL E AMLODIPINA MYLAN,
"",PMB,OLMESARTAN E AMLODIPINA PENSA,
"",PMB,OLMESARTAN E AMLODIPINA ZENTIVA,
"",PMB,OLMESARTAN MEDOXOMIL E AMLODIPINA ACCORD,
"",PMB,GIANT,
"",PMB,OLMESARTAN E AMLODIPINA DOC,
"",PMB,OLMESARTAN E AMLODIPINA HCS,
"",PMB,OLMESARTAN MEDOXOMIL E AMLODIPINA TEVA,
"",PMB,OLMESARTAN E AMLODIPINA EG,
"",PMB,BIVIS,
"",PMB,OLMESARTAN MEDOXOMIL E AMLODIPINA SANDOZ,
"",PMB,OLSART,
"",PMC,SEVIKAR,
"",PMC,OLMESARTAN E AMLODIPINA PENSA,
"",PMC,OLMESARTAN E AMLODIPINA HCS,
"",PMC,BIVIS,
"",PMC,OLMESARTAN MEDOXOMIL E AMLODIPINA SANDOZ,
"",PMC,OLMESARTAN E AMLODIPINA ZENTIVA,
"",PMC,OLMESARTAN MEDOXOMIL E AMLODIPINA MYLAN,
"",PMC,OLMESARTAN MEDOXOMIL E AMLODIPINA TEVA,
"",PMC,OLSART,
"",PMC,OLMESARTAN E AMLODIPINA EG,
"",PMC,OLMESARTAN MEDOXOMIL E AMLODIPINA ACCORD,
"",PMC,OLMESARTAN E AMLODIPINA DOC,
"",PMC,GIANT,
"",PNA,OLMESARTAN E IDROCLOROTIAZIDE AUROBINDO,
"",PNA,OLMESARTAN MEDOXOMIL E IDROCLOROTIAZIDE HCS,
"",PNA,OLMESARTAN E IDROCLOROTIAZIDE SANDOZ,
"",PNA,OLPREZIDE,
"",PNA,OLMESARTAN E IDROCLOROTIAZIDE DOC,
"",PNA,IDALAZIDE,
"",PNA,OLMESARTAN MEDOXOMIL E IDROCLOROTIAZIDE TEVA,
"",PNA,OLMESARTAN E IDROCLOROTIAZIDE EG,
"",PNA,OLMESARTAN E IDROCLOROTIAZIDE ZENTIVA,
"",PNA,OLMESARTAN MEDOXOMIL E IDROCLOROTIAZIDE PENSA,
"",PNA,OLMESARTAN MEDOXOMIL E IDROCLOROTIAZIDE MYLAN,
"",PNA,PRESDIUR,
"",PNA,PLAUNAZIDE,
"",PNA,OLMEGAN,
"",PNA,OLMESARTAN MEDOXOMIL E IDROCLOROTIAZIDE ALTER,
"",PNB,IDALAZIDE,
"",PNB,OLMESARTAN MEDOXOMIL E IDROCLOROTIAZIDE TEVA,
"",PNB,OLMESARTAN E IDROCLOROTIAZIDE AUROBINDO,
"",PNB,PLAUNAZIDE,
"",PNB,OLMESARTAN MEDOXOMIL E IDROCLOROTIAZIDE MYLAN,
"",PNB,OLMESARTAN MEDOXOMIL E IDROCLOROTIAZIDE HCS,
"",PNB,OLMESARTAN E IDROCLOROTIAZIDE ZENTIVA,
"",PNB,OLMESARTAN E IDROCLOROTIAZIDE EG,
"",PNB,OLMESARTAN E IDROCLOROTIAZIDE SANDOZ,
"",PNB,OLMESARTAN MEDOXOMIL E IDROCLOROTIAZIDE ALTER,
"",PNB,OLMESARTAN MEDOXOMIL E IDROCLOROTIAZIDE PENSA,
"",PNB,OLMESARTAN E IDROCLOROTIAZIDE DOC,
"",PNB,OLPREZIDE,
"",PNB,OLMEGAN,
"",PNC,OLMESARTAN E IDROCLOROTIAZIDE ZENTIVA,
"",PNC,OLMESARTAN E IDROCLOROTIAZIDE AUROBINDO,
"",PNC,OLMEGAN,
"",PNC,OLMESARTAN MEDOXOMIL E IDROCLOROTIAZIDE TEVA,
"",PNC,OLMESARTAN MEDOXOMIL E IDROCLOROTIAZIDE MYLAN,
"",PNC,OLPREZIDE,
"",PNC,OLMESARTAN E IDROCLOROTIAZIDE DOC,
"",PNC,PLAUNAZIDE,
"",PNC,PRESDIUR,
"",PNC,OLMESARTAN E IDROCLOROTIAZIDE EG,
"",PNC,OLMESARTAN E IDROCLOROTIAZIDE SANDOZ,
"",PNC,OLMESARTAN MEDOXOMIL E IDROCLOROTIAZIDE HCS,
"",PND,IDALAZIDE,
"",PND,OLMESARTAN E IDROCLOROTIAZIDE DOC,
"",PND,OLMESARTAN MEDOXOMIL E IDROCLOROTIAZIDE MYLAN,
"",PND,OLMESARTAN MEDOXOMIL E IDROCLOROTIAZIDE TEVA,
"",PND,OLMESARTAN E IDROCLOROTIAZIDE EG,
"",PND,OLMEGAN,
"",PND,OLMESARTAN E IDROCLOROTIAZIDE SANDOZ,
"",PND,OLMESARTAN E IDROCLOROTIAZIDE AUROBINDO,
"",PND,OLPREZIDE,
"",PND,OLMESARTAN MEDOXOMIL E IDROCLOROTIAZIDE HCS,
"",PND,PLAUNAZIDE,
"",PND,OLMESARTAN E IDROCLOROTIAZIDE ZENTIVA,
"",POC,OMEGA 3 PENSA,
"",POC,BLUMEG,
"",POC,OMEGA 3 TEVA,
"",POC,OMEGA 3 ZENTIVA,
"",POC,OMEGA 3 EG,
"",POC,OMEGA 3 DOC,
"",POC,OMEGA 3 TEVA ITALIA,
"",POC,AGEMO,
"",POC,OLEVIA,
"",POC,OMEGA 3 SANDOZ,
"",POC,ESKIM,
"",POC,TRIOREG,
"",POC,TRISCUDIL,
"",POC,SEACOR,
"",POC,OMEGA 3 MYLAN,
"",POC,TRECOR,
"",POC,OMEGA 3 DOC GENERICI,
"",POC,TRIBOK,
"",POC,OMEGA 3 BOUTY,
"",POC,ESAPENT,
"",PUA,OXYCONTIN,
"",PUA,OXICODONE ACCORD HEALTHCARE,
"",PUA,OSSICODONE AUROBINDO,
"",PUB,OSSICODONE AUROBINDO,
"",PUB,OXYCONTIN,
"",PUB,OXICODONE ACCORD HEALTHCARE,
"",PUC,OXICODONE SANDOZ,
"",PUC,OXYCONTIN,
"",PUC,OXICODONE ACCORD HEALTHCARE,
"",PUD,OXYCONTIN,
"",PUD,OXICODONE ACCORD HEALTHCARE,
"",PUD,OSSICODONE AUROBINDO,
"",PUE,OXICODONE SANDOZ,
"",PUE,OXICODONE ACCORD HEALTHCARE,
"",PUE,OXYCONTIN,
"",PVA,DOLSTIP,
"",PVA,ALGALT,
"",PVA,ELIPSODOX,
"",PVA,TARGIN,
"",PVA,OXYPRONAL,
"",PVA,ELATREX,
"",PVB,ELATREX,
"",PVB,TARGIN,
"",PVB,ELIPSODOX,
"",PVB,DOLSTIP,
"",PVB,ALGALT,
"",PVB,OXYPRONAL,
"",PVC,ALGALT,
"",PVC,TARGIN,
"",PVC,OXYPRONAL,
"",PVC,ELIPSODOX,
"",PVC,DOLSTIP,
"",PVC,ELATREX,
"",PVD,ELATREX,
"",PVD,OXYPRONAL,
"",PVD,ELIPSODOX,
"",PVD,TARGIN,
"",PVD,DOLSTIP,
"",PVD,ALGALT,
"",PWA,DEPALGOS,
"",PWA,DEPALGOS,
"",PWB,DEPALGOS,
"",PWB,DEPALGOS,
"",PWC,DEPALGOS,
"",PWC,DEPALGOS,
"",PZA,PALIPERIDONE KRKA,
"",PZA,PALIPERIDONE TEVA,
"",PZA,INVEGA,
"",PZA,INVEGA,
"",PZA,PALIPERIDONE SANDOZ,
"",PZB,PALIPERIDONE SANDOZ,
"",PZB,PALIPERIDONE KRKA,
"",PZB,INVEGA,
"",PZB,INVEGA,
"",PZB,PALIPERIDONE TEVA,
"",PZC,PALIPERIDONE TEVA,
"",PZC,PALIPERIDONE KRKA,
"",PZC,INVEGA,
"",PZC,INVEGA,
"",PZC,PALIPERIDONE SANDOZ,
"",Q1A,PARACALCITOLO TEVA ITALIA,
"",Q1A,ZEMPLAR,
"",Q1B,PARACALCITOLO TEVA ITALIA,
"",Q1B,ZEMPLAR,
"",Q1C,ZEMPLAR,
"",Q1C,PARACALCITOLO MYLAN,
"",Q1C,PARACALCITOLO SANDOZ,
"",Q2A,PARACETAMOLO E CODEINA DOC GENERICI,
"",Q2A,PARACETAMOLO CODEINA PENSA,
"",Q2A,TACHIDOL,
"",Q2A,PARACETAMOLO E CODEINA ALTER,
"",Q2A,COEFFERALGAN,
"",Q2A,ZEUSEFF,
"",Q2A,PARACETAMOLO CODEINA TEVA,
"",Q2A,CODAMOL,
"",QBA,BOTINERO,
"",QBA,PERINDOPRIL E AMLODIPINA TEVA ITALIA,
"",QBA,TAKAWITA,
"",QBA,PERINDOPRIL E AMLODIPINA EG STADA,
"",QBA,PERINDOPRIL E AMLODIPINA ZENTIVA,
"",QBA,COVERLAM,
"",QBA,PERINDOPRIL E AMLODIPINA AUROBINDO,
"",QBA,PERINDOPRIL E AMLODIPINA HCS,
"",QBA,PERINDOPRIL E AMLODIPINA TEVA,
"",QBA,PERINDOPRIL E AMLODIPINA MYLAN PHARMA,
"",QBA,REAPTAN,
"",QBA,PERINDOPRIL E AMLODIPINA DOC GENERICI,
"",QBA,DALNEVA,
"",QBB,COVERLAM,
"",QBB,PERINDOPRIL E AMLODIPINA MYLAN PHARMA,
"",QBB,REAPTAN,
"",QBB,PERINDOPRIL E AMLODIPINA EG STADA,
"",QBB,PERINDOPRIL E AMLODIPINA ZENTIVA,
"",QBB,DALNEVA,
"",QBB,PERINDOPRIL E AMLODIPINA TEVA ITALIA,
"",QBB,PERINDOPRIL E AMLODIPINA HCS,
"",QBB,PERINDOPRIL E AMLODIPINA TEVA,
"",QBB,TAKAWITA,
"",QBB,PERINDOPRIL E AMLODIPINA DOC GENERICI,
"",QBB,BOTINERO,
"",QBB,PERINDOPRIL E AMLODIPINA AUROBINDO,
"",QBC,TAKAWITA,
"",QBC,PERINDOPRIL E AMLODIPINA TEVA,
"",QBC,COVERLAM,
"",QBC,BOTINERO,
"",QBC,PERINDOPRIL E AMLODIPINA TEVA ITALIA,
"",QBC,PERINDOPRIL E AMLODIPINA AUROBINDO,
"",QBC,DALNEVA,
"",QBC,PERINDOPRIL E AMLODIPINA MYLAN PHARMA,
"",QBC,PERINDOPRIL E AMLODIPINA EG STADA,
"",QBC,PERINDOPRIL E AMLODIPINA ZENTIVA,
"",QBC,PERINDOPRIL E AMLODIPINA HCS,
"",QBC,REAPTAN,
"",QBC,PERINDOPRIL E AMLODIPINA DOC GENERICI,
"",QBD,TAKAWITA,
"",QBD,PERINDOPRIL E AMLODIPINA DOC GENERICI,
"",QBD,PERINDOPRIL E AMLODIPINA TEVA ITALIA,
"",QBD,COVERLAM,
"",QBD,PERINDOPRIL E AMLODIPINA TEVA,
"",QBD,PERINDOPRIL E AMLODIPINA HCS,
"",QBD,REAPTAN,
"",QBD,PERINDOPRIL E AMLODIPINA AUROBINDO,
"",QBD,PERINDOPRIL E AMLODIPINA ZENTIVA,
"",QBD,PERINDOPRIL E AMLODIPINA MYLAN PHARMA,
"",QBD,PERINDOPRIL E AMLODIPINA EG STADA,
"",QBD,DALNEVA,
"",QBD,BOTINERO,
"",QEA,PIOGLITAZONE DOC GENERICI,
"",QEA,PIOGLITAZONE SANDOZ,
"",QEA,PIOGLITAZONE AUROBINDO,
"",QEA,PIOGLITAZONE MYLAN,
"",QEA,ACTOS,
"",QEA,PIOGLITAZONE ZENTIVA,
"",QEA,GLUSTIN,
"",QEA,PIOGLITAZONE ACCORD,
"",QEA,PIOGLITAZONE TECNIGEN,
"",QEB,ACTOS,
"",QEB,PIOGLITAZONE SANDOZ,
"",QEB,PIOGLITAZONE DOC GENERICI,
"",QEB,GLUSTIN,
"",QEB,PIOGLITAZONE MYLAN,
"",QEB,PIOGLITAZONE ACCORD,
"",QEB,PIOGLITAZONE TECNIGEN,
"",QEB,PIOGLITAZONE AUROBINDO,
"",QEB,PIOGLITAZONE ZENTIVA,
"",QEC,PIOGLITAZONE ACCORD,
"",QEC,PIOGLITAZONE TECNIGEN,
"",QEC,ACTOS,
"",QGA,COMPETACT,
"",QGA,PIOGLITAZONE E METFORMINA EG,
"",QGA,PIOGLITAZONE E METFORMINA DOCGEN,
"",QGA,PIOGLITAZONE E METFORMINA ARISTO,
"",QRA,PRASUGREL TEVA,
"",QRA,EFIENT,
"",QRA,PRASUGREL MYLAN,
"",QRB,PRASUGREL MYLAN,
"",QRB,PRASUGREL TEVA,
"",QRB,EFIENT,
"",QTB,SOFLON,
"",QTB,PREDNISONE TEVA,
"",QTB,PREDNISONE DOC GENERICI,
"",QTB,PREDNISONE ZENTIVA,
"",QTB,PREDNISONE EG,
"",QTB,DELTACORTENE,
"",QTB,CISON,
"",QTB,CORTIREX,
"",QTB,PREDNISONE MYLAN PHARMA,
"",QTD,DELTACORTENE,
"",QTD,PREDNISONE TEVA,
"",QTD,PREDNISONE EG,
"",QTE,CISON,
"",QTE,PREDNISONE EG,
"",QTE,PREDNISONE MYLAN PHARMA,
"",QTE,PREDNISONE ZENTIVA,
"",QTE,CORTIREX,
"",QTE,PREDNISONE DOC GENERICI,
"",QTE,SOFLON,
"",QTE,PREDNISONE TEVA,
"",QTE,DELTACORTENE,
"",QUA,ECUBALIN,
"",QUA,PREGABALIN SANDOZ,
"",QUA,GAVIRIA,
"",QUA,PREGABALIN PENSA,
"",QUA,LYRICA,
"",QUA,PREGABALIN ACCORD,
"",QUA,PREGABALIN HCS,
"",QUA,PREGABALIN ARISTO,
"",QUA,PREGABALIN TEVA,
"",QUA,PREGABALIN DOC GENERICI,
"",QUA,PREGABALIN SUN,
"",QUA,PREGABALIN EG STADA ITALIA,
"",QUA,PREGABALIN MYLAN,
"",QUA,GABEX,
"",QUB,PREGABALIN SUN,
"",QUB,PREGABALIN TEVA,
"",QUB,LYRICA,
"",QUB,PREGABALIN HCS,
"",QUB,PREGABALIN AUROBINDO,
"",QUB,GABEX,
"",QUB,REGALBAX,
"",QUB,PRELYNCA,
"",QUB,PREGABALIN MYLAN,
"",QUB,PREGABALIN SANDOZ,
"",QUB,PREGABALIN ZENTIVA KS,
"",QUB,PREGABALIN EG STADA ITALIA,
"",QUB,PREGABALIN ARISTO,
"",QUB,PREGABALIN DOC GENERICI,
"",QUB,ECUBALIN,
"",QUB,LYRICA,
"",QUB,PREGABALIN ACCORD,
"",QUB,PREGABALIN PENSA,
"",QUB,UTUFAR,
"",QUB,PREGABALIN ALTER,
"",QUB,PREGABALIN ZENTIVA,
"",QUB,GAVIRIA,
"",QUC,PREGABALIN ARISTO,
"",QUC,GAVIRIA,
"",QUC,UTUFAR,
"",QUC,PREGABALIN TECNIGEN,
"",QUC,PREGABALIN ZENTIVA,
"",QUC,PREGABALIN SANDOZ,
"",QUC,PREGABALIN PENSA,
"",QUC,GABEX,
"",QUC,PREGABALIN HCS,
"",QUC,ECUBALIN,
"",QUC,PREGABALIN MYLAN,
"",QUC,LYRICA,
"",QUC,PREGABALIN ALTER,
"",QUC,ACLATON,
"",QUC,PREGABALIN ACCORD,
"",QUC,LYRICA,
"",QUC,PREGABALIN DOC GENERICI,
"",QUC,PREGABALIN SUN,
"",QUC,PRELYNCA,
"",QUC,PREGABALIN EG STADA ITALIA,
"",QUC,REGALBAX,
"",QUC,PREGABALIN TEVA,
"",QUC,PREGABALIN AUROBINDO,
"",QUD,PREGABALIN HCS,
"",QUD,PREGABALIN MYLAN,
"",QUD,PREGABALIN SUN,
"",QUD,PREGABALIN TEVA,
"",QUD,PREGABALIN ZENTIVA,
"",QUD,PREGABALIN ACCORD,
"",QUD,LYRICA,
"",QUD,GAVIRIA,
"",QUD,PREGABALIN SANDOZ,
"",QUD,ECUBALIN,
"",QUD,UTUFAR,
"",QUD,PREGABALIN EG STADA ITALIA,
"",QUD,PREGABALIN DOC GENERICI,
"",QUD,PREGABALIN AUROBINDO,
"",QUD,PREGABALIN ARISTO,
"",QUD,PREGABALIN ZENTIVA KS,
"",QUE,PREGABALIN ZENTIVA,
"",QUE,ECUBALIN,
"",QUE,PREGABALIN HCS,
"",QUE,GABEX,
"",QUE,PREGABALIN DOC GENERICI,
"",QUE,PREGABALIN EG STADA ITALIA,
"",QUE,REGALBAX,
"",QUE,PREGABALIN ARISTO,
"",QUE,PREGABALIN SANDOZ,
"",QUE,PREGABALIN SUN,
"",QUE,PREGABALIN ACCORD,
"",QUE,PREGABALIN PENSA,
"",QUE,GAVIRIA,
"",QUE,PREGABALIN ALTER,
"",QUE,LYRICA,
"",QUE,PREGABALIN AUROBINDO,
"",QUE,LYRICA,
"",QUE,PREGABALIN TEVA,
"",QUE,PREGABALIN TECNIGEN,
"",QUE,PREGABALIN MYLAN,
"",QUF,LYRICA,
"",QUF,REGALBAX,
"",QUF,UTUFAR,
"",QUF,PREGABALIN TECNIGEN,
"",QUF,PREGABALIN SUN,
"",QUF,PREGABALIN ZENTIVA KS,
"",QUF,GABEX,
"",QUF,PREGABALIN ACCORD,
"",QUF,PREGABALIN PENSA,
"",QUF,LYRICA,
"",QUF,PREGABALIN ZENTIVA,
"",QUF,LYRICA,
"",QUF,PREGABALIN ARISTO,
"",QUF,PREGABALIN TEVA,
"",QUF,PREGABALIN SANDOZ,
"",QUF,PREGABALIN EG STADA ITALIA,
"",QUF,PREGABALIN AUROBINDO,
"",QUF,ECUBALIN,
"",QUF,GAVIRIA,
"",QUF,RUMBOT,
"",QUF,PRELYNCA,
"",QUF,PREGABALIN DOC GENERICI,
"",QUF,PREGABALIN MYLAN,
"",QUF,PREGABALIN HCS,
"",QUF,PREGABALIN ALTER,
"",R2A,OPTRUMA,
"",R2A,RALOXIFENE SANDOZ,
"",R2A,EVISTA,
"",R2B,RALOXIFENE SANDOZ,
"",R2B,EVISTA,
"",R2B,OPTRUMA,
"",R5A,RASAGILINA KRKA,
"",R5A,RASAGILINA SANDOZ,
"",R5A,RASARAL,
"",R5A,RASAGILINA ZENTIVA,
"",R5A,RASABON,
"",R5A,ROLDAP,
"",R5A,RASAGILINA EG,
"",R5A,AZILECT,
"",R5A,RASAGILINA TEVA,
"",R5A,RASAGILINA DOC GENERICI,
"",R5A,RASAGILINA ARISTO,
"",R5A,AIDEX,
"",R5A,RASAGILINA ACCORD,
"",R5A,RASAGILINA MYLAN,
"",R5A,RASAGILINA AUROBINDO,
"",RAC,SOFLON,
"",RAC,PREDNISONE DOC GENERICI,
"",RAC,CISON,
"",RDA,RIVASTIGMINA AUROBINDO,
"",RDA,EXELON,
"",RDA,NIMVASTID,
"",RDA,RIVASTIGMINA SANDOZ,
"",RDB,RIVASTIGMINA AUROBINDO,
"",RDB,NIMVASTID,
"",RDB,EXELON,
"",RDB,RIVASTIGMINA SANDOZ,
"",RDC,EXELON,
"",RDC,RIVASTIGMINA SANDOZ,
"",RDC,NIMVASTID,
"",RDC,RIVASTIGMINA AUROBINDO,
"",RDD,RIVASTIGMINA MYLAN PHARMA,
"",RDD,RIVASTIGMINA SANDOZ GMBH,
"",RDD,RIVASTIGMINA SANDOZ GmbH,
"",RDD,DEMELORA,
"",RDD,RIVASTIGMINA ZENTIVA,
"",RDD,RIVASTIGMINA DOC,
"",RDD,EXELON,
"",RDD,EXELON,
"",RDE,RIVASTIGMINA AUROBINDO,
"",RDE,EXELON,
"",RDE,NIMVASTID,
"",RDE,RIVASTIGMINA SANDOZ,
"",RDF,RIVASTIGMINA DOC,
"",RDF,RIVASTIGMINA MYLAN PHARMA,
"",RDF,RIVASTIGMINA SANDOZ GmbH,
"",RDF,DEMELORA,
"",RDF,RIVASTIGMINA SANDOZ,
"",RDF,EXELON,
"",RDF,EXELON,
"",RDF,RIVASTIGMINA ZENTIVA,
"",RDG,EXELON,
"",RDG,EXELON,
"",RDG,RIVASTIGMINA SANDOZ GMBH,
"",RDG,DEMELORA,
"",RDG,RIVASTIGMINA ZENTIVA,
"",RDG,RIVASTIGMINA DOC,
"",REA,RIZATRIPTAN EG,
"",REA,RIZALIV RPD,
"",REA,MAXALT,
"",REA,RIZATRIPTAN DOC,
"",REA,EMIRIZIA,
"",REA,RIZATRIPTAN SANDOZ,
"",REA,RIZATRIPTAN AUROBINDO,
"",REA,RIZATRIPTAN ZENTIVA ITALIA,
"",REA,MAXALT RPD,
"",REA,RIZALIV,
"",REC,RIZATRIPTAN ZENTIVA ITALIA,
"",REC,ECUHEAD,
"",REC,RIZATRIPTAN DOC GENERICI,
"",REC,RIZATRIPTAN TEVA,
"",REC,RIZATRIPTAN MYLAN GENERICS,
"",REC,RIZATRIPTAN SANDOZ,
"",REC,RIZATRIPTAN EG,
"",REC,MAXALT RPD,
"",REC,RIZATRIPTAN AUROBINDO,
"",REC,RIZALIV,
"",REC,MAXALT,
"",REC,RIZALIV RPD,
"",REC,EMIRIZIA,
"",REC,RIZATRIPTAN DOC,
"",RGA,ROSUVASTATINA ABC,
"",RGA,CRATIV,
"",RGA,ROSASTIN,
"",RGA,ROSUVASTATINA TEVA,
"",RGA,ROSUVASTATINA AUROBINDO,
"",RGA,COLFRI,
"",RGA,ROSUVASTATINA ARISTO,
"",RGA,ROSUVASTATINA HCS,
"",RGA,BORGHES,
"",RGA,ROSUVASTATINA ABC FARMACEUTICI,
"",RGA,ROSUVASTATINA EG,
"",RGA,LIPIDOVER,
"",RGA,KOLEROS,
"",RGA,DILIVAS,
"",RGA,SIMESTAT,
"",RGA,ROSUVASTATINA TECNIGEN,
"",RGA,ROSUVASTATINA MYLAN,
"",RGA,ROSUVASTATINA SANDOZ,
"",RGA,ROSUVASTATINA SUN,
"",RGA,STAROS,
"",RGA,SNAPTAG,
"",RGA,ROSUVASTATINA ZENTIVA,
"",RGA,EXORTA,
"",RGA,CRESTOR,
"",RGA,ROSUVASTATINA ADAMED,
"",RGA,ROSUVASTATINA DOC GENERICI,
"",RGA,ROSUVASTATINA ALMUS,
"",RGA,ROSUVASTATINA ACCORD,
"",RGA,PROVISACOR,
"",RGA,ROSUVASTATINA PENSA,
"",RGA,ROSUVASTATINA ALTER,
"",RGA,MIASTINA,
"",RGA,COLCARDIOL,
"",RGB,SIMESTAT,
"",RGB,TASAVOS,
"",RGB,ROSUVASTATINA HCS,
"",RGB,ROSUVASTATINA ALTER,
"",RGB,ROSUVASTATINA SUN,
"",RGB,CRESTOR,
"",RGB,ROSUVASTATINA TEVA,
"",RGB,ROSUVASTATINA ABC,
"",RGB,ROSUVASTATINA ARISTO,
"",RGB,ROSUVASTATINA ACCORD,
"",RGB,ROSUVASTATINA ABC FARMACEUTICI,
"",RGB,LIPIDOVER,
"",RGB,KOLEROS,
"",RGB,EXORTA,
"",RGB,ROSUVASTATINA EG,
"",RGB,ROSUVASTATINA TECNIGEN,
"",RGB,ROSUVASTATINA SANDOZ,
"",RGB,ROSASTIN,
"",RGB,COLCARDIOL,
"",RGB,ROSUVASTATINA PENSA,
"",RGB,BORGHES,
"",RGB,ROSUVASTATINA MYLAN,
"",RGB,ROSUVASTATINA DOC GENERICI,
"",RGB,COLFRI,
"",RGB,STAROS,
"",RGB,MIASTINA,
"",RGB,ROSUVASTATINA ADAMED,
"",RGB,ROSUVASTATINA ALMUS,
"",RGB,DILIVAS,
"",RGB,ROSUVASTATINA AUROBINDO,
"",RGB,CRATIV,
"",RGB,ROSUVASTATINA ZENTIVA,
"",RGB,SNAPTAG,
"",RGB,PROVISACOR,
"",RGC,KOLEROS,
"",RGC,CRESTOR,
"",RGC,BORGHES,
"",RGC,ROSUVASTATINA SANDOZ,
"",RGC,ROSUVASTATINA EG,
"",RGC,STAROS,
"",RGC,ROSUVASTATINA ZENTIVA,
"",RGC,DILIVAS,
"",RGC,SIMESTAT,
"",RGC,ROSUVASTATINA TEVA,
"",RGC,ROSUVASTATINA ACCORD,
"",RGC,EXORTA,
"",RGC,COLFRI,
"",RGC,ROSUVASTATINA AUROBINDO,
"",RGC,ROSUVASTATINA SUN,
"",RGC,ROSUVASTATINA ADAMED,
"",RGC,CRATIV,
"",RGC,LIPIDOVER,
"",RGC,ROSUVASTATINA MYLAN,
"",RGC,PROVISACOR,
"",RGC,ROSUVASTATINA ARISTO,
"",RGC,ROSUVASTATINA ABC FARMACEUTICI,
"",RGC,ROSUVASTATINA HCS,
"",RGC,ROSASTIN,
"",RGC,ROSUVASTATINA DOC GENERICI,
"",RGD,KOLEROS,
"",RGD,STAROS,
"",RGD,ROSUVASTATINA ZENTIVA,
"",RGD,SNAPTAG,
"",RGD,PROVISACOR,
"",RGD,ROSUVASTATINA PENSA,
"",RGD,COLFRI,
"",RGD,ROSUVASTATINA DOC GENERICI,
"",RGD,ROSASTIN,
"",RGD,DILIVAS,
"",RGD,ROSUVASTATINA TEVA,
"",RGD,BORGHES,
"",RGD,COLCARDIOL,
"",RGD,ROSUVASTATINA MYLAN,
"",RGD,ROSUVASTATINA ACCORD,
"",RGD,ROSUVASTATINA ARISTO,
"",RGD,EXORTA,
"",RGD,ROSUVASTATINA ALTER,
"",RGD,ROSUVASTATINA SANDOZ,
"",RGD,ROSUVASTATINA HCS,
"",RGD,ROSUVASTATINA EG,
"",RGD,ROSUVASTATINA SUN,
"",RGD,ROSUVASTATINA AUROBINDO,
"",RGD,ROSUVASTATINA ABC,
"",RGD,MIASTINA,
"",RGD,CRESTOR,
"",RGD,LIPIDOVER,
"",RGD,ROSUVASTATINA ALMUS,
"",RGD,ROSUVASTATINA ADAMED,
"",RGD,CRATIV,
"",RGD,SIMESTAT,
"",RGD,ROSUVASTATINA TECNIGEN,
"",RGE,ROSULOD,
"",RGE,ROZAMLAD,
"",RGF,ROSULOD,
"",RGF,ROZAMLAD,
"",RGG,ROZAMLAD,
"",RGG,ROSULOD,
"",RGH,ROSULOD,
"",RGH,ROZAMLAD,
"",RMA,RUPATADINA TEVA,
"",RMA,RUPATADINA DOC GENERICI,
"",RMA,RUPATADINA EG,
"",RMA,PAFINUR,
"",RMA,RUPATADINA AUROBINDO,
"",RMA,RUPATADINA MYLAN PHARMA,
"",RMA,MOSTAXYL,
"",RMA,RUPAFIN,
"",RMB,RUPAFIN,
"",RMB,PAFINUR,
"",RPA,SALMETEROLO E FLUTICASONE DOC,
"",RPA,ALIFLUS,
"",RPA,SALMETEROLO E FLUTICASONE SF,
"",RPA,AIRFLUSAL SPRAYHALER,
"",RPA,SERETIDE,
"",RPA,SALMETEROLO E FLUTICASONE MYLAN,
"",RPA,SALMETEROLO E FLUTICASONE EG,
"",RPA,AIRSUS,
"",RPB,SERETIDE,
"",RPB,AIRSUS,
"",RPB,ALIFLUS,
"",RPB,SALMETEROLO E FLUTICASONE SF,
"",RPC,SERETIDE DISKUS,
"",RPC,SALMETEROLO E FLUTICASONE EG STADA,
"",RPC,ALIFLUS DISKUS,
"",RPC,BISKUS,
"",RPD,SALMETEROLO E FLUTICASONE DOC,
"",RPD,AIRFLUSAL SPRAYHALER,
"",RPD,SERETIDE,
"",RPD,AIRSUS,
"",RPD,SALMETEROLO E FLUTICASONE SF,
"",RPD,SALMETEROLO E FLUTICASONE EG,
"",RPD,ALIFLUS,
"",RPD,SALMETEROLO E FLUTICASONE MYLAN,
"",RPE,SERETIDE DISKUS,
"",RPE,ALIFLUS DISKUS,
"",RPE,BISKUS,
"",RPE,SALMETEROLO E FLUTICASONE EG STADA,
"",RPF,AIRFLUSAL FORSPIRO,
"",RPF,SERETIDE DISKUS,
"",RPF,SALMETEROLO E FLUTICASONE DOC GENERICI,
"",RPF,ALIFLUS DISKUS,
"",RPF,SALMETEROLO E FLUTICASONE EG STADA,
"",RPF,BISKUS,
"",RSB,SELECOM,
"",RSB,JUMEX,
"",RTA,SEVELAMER DOC GENERICI,
"",RTA,SEVELAMER AUROBINDO,
"",RTA,SEVELAMER EG STADA,
"",RTA,RENVELA,
"",RTA,SEVELAMER SANDOZ GMBH,
"",RTB,SEVELAMER SANDOZ,
"",RTB,SEVELAMER DOC GENERICI,
"",RTB,SEVELAMER MYLAN PHARMA,
"",RTB,SEVELAMER EG,
"",RTB,RENAGEL,
"",RTB,SEVELAMER AUROBINDO,
"",RTB,RENVELA,
"",RUA,SILODOSINA ARISTO,
"",RUA,SILODOSINA MYLAN,
"",RUA,UROREC,
"",RUA,SILODOSINA EG,
"",RUA,SILODOSINA ZENTIVA,
"",RUA,SILODOSINA DOC,
"",RUA,SILODOSINA KRKA,
"",RUA,SILODOSINA AUROBINDO,
"",RUA,SILODYX,
"",RUA,SILODOSINA TEVA,
"",RUA,SILODOSINA SANDOZ,
"",RUB,SILODOSINA SANDOZ,
"",RUB,SILODOSINA ZENTIVA,
"",RUB,SILODOSINA EG,
"",RUB,SILODOSINA DOC,
"",RUB,SILODYX,
"",RUB,SILODOSINA TEVA,
"",RUB,SILODOSINA AUROBINDO,
"",RUB,SILODOSINA ARISTO,
"",RUB,SILODOSINA KRKA,
"",RUB,UROREC,
"",RUB,SILODOSINA MYLAN,
"",RWA,TESAVEL,
"",RWA,MELIGLIX,
"",RWA,SITAGLIPTIN SUN,
"",RWA,JANUVIA,
"",RWA,SITAGLIPTIN MYLAN,
"",RWA,SITAGLIPTIN TEVA,
"",RWA,SITAGLIPTIN DOC,
"",RWA,XELEVIA,
"",RWA,SITAGLIPTIN ZENTIVA,
"",RWA,SITAGLIPTIN HCS,
"",RWA,SITAGLIPTIN PENSA,
"",RWA,SITAGLIPTIN EG,
"",RWB,MELIGLIX,
"",RWB,SITAGLIPTIN ZENTIVA,
"",RWB,SITAGLIPTIN EG,
"",RWB,TESAVEL,
"",RWB,SITAGLIPTIN MYLAN,
"",RWB,SITAGLIPTIN DOC,
"",RWB,JANUVIA,
"",RWB,SITAGLIPTIN TEVA,
"",RWB,XELEVIA,
"",RWB,SITAGLIPTIN HCS,
"",RWC,MELIGLIX,
"",RWC,SITAGLIPTIN EG,
"",RWC,SITAGLIPTIN DOC,
"",RWC,XELEVIA,
"",RWC,TESAVEL,
"",RWC,SITAGLIPTIN PENSA,
"",RWC,JANUVIA,
"",RWC,SITAGLIPTIN MYLAN,
"",RWC,SITAGLIPTIN SUN,
"",RWC,SITAGLIPTIN ZENTIVA,
"",RWC,SITAGLIPTIN TEVA,
"",RWC,SITAGLIPTIN HCS,
"",S4A,ALDACTONE,
"",S4A,URACTONE,
"",S4A,SPIROLANG,
"",S4B,SPIROLANG,
"",S4B,ALDACTONE,
"",S8A,ADCIRCA,
"",S8A,TALMANCO,
"",SCA,TEICOPLANINA ZENTIVA,
"",SCA,TEICOPLANINA IBIGEN,
"",SCA,TEICOPLANINA SANDOZ,
"",SCA,TEICOPLANINA HIKMA,
"",SCA,TARGOSID,
"",SCA,TEICOPLANINA BRADEX,
"",SEA,TELMISARTAN TEVA ITALIA,
"",SEA,TELMISARTAN SANDOZ,
"",SEA,TELMISARTAN EG,
"",SEA,MICARDIS,
"",SEA,TELMISARTAN DOC GENERICI,
"",SEA,PRITOR,
"",SEA,TELMISARTAN MYLAN,
"",SEB,TELMISARTAN MYLAN,
"",SEB,TELMISARTAN PENSA,
"",SEB,TELMISARTAN TEVA ITALIA,
"",SEB,TELMISARTAN ALTER,
"",SEB,TELMISARTAN EG,
"",SEB,TELMISARTAN ZENTIVA,
"",SEB,TELMISARTAN SANDOZ,
"",SEB,TELMISARTAN DOC GENERICI,
"",SEB,TELMISARTAN ALMUS,
"",SEB,TOLURA,
"",SEB,PRITOR,
"",SEB,MICARDIS,
"",SEC,TELMISARTAN EG,
"",SEC,TELMISARTAN TEVA ITALIA,
"",SEC,TELMISARTAN PENSA,
"",SEC,TELMISARTAN ALTER,
"",SEC,TELMISARTAN DOC GENERICI,
"",SEC,TELMISARTAN ZENTIVA,
"",SEC,TOLURA,
"",SEC,TELMISARTAN MYLAN,
"",SEC,PRITOR,
"",SEC,TELMISARTAN SANDOZ,
"",SEC,TELMISARTAN ALMUS,
"",SEC,MICARDIS,
"",SFA,TELMISARTAN E IDROCLOROTIAZIDE TEVA ITALIA,
"",SFA,TELMISARTAN E IDROCLOROTIAZIDE EG,
"",SFA,TELMISARTAN E IDROCLOROTIAZIDE SANDOZ,
"",SFA,TELMISARTAN E IDROCLOROTIAZIDE ACCORD,
"",SFA,MICARDISPLUS,
"",SFA,TELMISARTAN IDROCLOROTIAZIDE DOC GENERICI,
"",SFA,TELMISARTAN E IDROCLOROTIAZIDE ALTER,
"",SFA,TELMISARTAN E IDROCLOROTIAZIDE MYLAN PHARMA,
"",SFA,TELMISARTAN IDROCLOROTIAZIDE ZENTIVA,
"",SFA,PRITORPLUS,
"",SFA,TOLUCOMBI,
"",SFB,TOLUCOMBI,
"",SFB,PRITORPLUS,
"",SFB,TELMISARTAN E IDROCLOROTIAZIDE SANDOZ,
"",SFB,TELMISARTAN IDROCLOROTIAZIDE ZENTIVA,
"",SFB,TELMISARTAN IDROCLOROTIAZIDE DOC GENERICI,
"",SFB,TELMISARTAN E IDROCLOROTIAZIDE ALTER,
"",SFB,MICARDISPLUS,
"",SFB,TELMISARTAN E IDROCLOROTIAZIDE ACCORD,
"",SFB,TELMISARTAN E IDROCLOROTIAZIDE TEVA ITALIA,
"",SFB,TELMISARTAN E IDROCLOROTIAZIDE EG,
"",SFB,TELMISARTAN E IDROCLOROTIAZIDE MYLAN PHARMA,
"",SFC,MICARDISPLUS,
"",SFC,TELMISARTAN E IDROCLOROTIAZIDE SANDOZ,
"",SFC,TELMISARTAN IDROCLOROTIAZIDE ZENTIVA,
"",SFC,TELMISARTAN IDROCLOROTIAZIDE DOC GENERICI,
"",SFC,TELMISARTAN E IDROCLOROTIAZIDE TEVA ITALIA,
"",SFC,PRITORPLUS,
"",SFC,TOLUCOMBI,
"",SFC,TELMISARTAN E IDROCLOROTIAZIDE ALTER,
"",SFC,TELMISARTAN E IDROCLOROTIAZIDE MYLAN PHARMA,
"",SFC,TELMISARTAN E IDROCLOROTIAZIDE ACCORD,
"",SFC,TELMISARTAN E IDROCLOROTIAZIDE EG,
"",SKA,TETRABENAZINA ARISTO,
"",SKA,TETRABENAZINA SUN,
"",SKA,XENAZINA,
"",SPA,SHYLA,
"",SPA,TIBOCINA,
"",SPA,LIVIAL,
"",SPA,TIBOLONE ARISTO,
"",SRA,GANFORT,
"",SRA,BIMATOPROST E TIMOLOLO ZENTIVA,
"",SRA,BISANTIM,
"",SRA,BIMATOPROST E TIMOLOLO TEVA,
"",SRA,BIMATOPROST TIMOLOLO EG,
"",SRA,BIMATOPROST TIMOLOLO MYLAN,
"",SRA,BIMATOPROST TIMOLOLO SANDOZ,
"",SSA,COMBIGAN,
"",SSA,BRIMOCOMB,
"",SSA,BRIMONIDINA E TIMOLOLO EG,
"",SSA,BRIMONIDINA E TIMOLOLO MYLAN,
"",STA,TRAVOFIX,
"",STA,TRAVOPROST E TIMOLOLO EG,
"",STA,DUOTRAV,
"",STA,TRAVOPROST E TIMOLOLO MYLAN,
"",STA,TRAVOPROST E TIMOLOLO ZENTIVA,
"",SVA,TIOTROPIO TEVA ITALIA*,
"",SVA,SPIRIVA*,
"",SVA,SIRKAVA,
"",SVA,TIOTROPIO DOC,
"",SYA,ETORICOXIB DOC GENERICI,
"",SYA,ARCOXIA,
"",SYA,ETORICOXIB KRKA,
"",SYA,ETORICOXIB EG,
"",SYA,ETORICOXIB TECNIGEN,
"",SYA,TAUXIB,
"",SYA,ETORICOXIB MYLAN,
"",SYA,EXINEF,
"",SYA,ETORICOXIB TEVA,
"",SYA,ALGIX,
"",SYB,TAUXIB,
"",SYB,ETORICOXIB AUROBINDO,
"",SYB,ETORICOXIB PENSA,
"",SYB,ETORICOXIB TECNIGEN,
"",SYB,ETORICOXIB ZENTIVA,
"",SYB,ETORICOXIB KRKA,
"",SYB,ETORICOXIB DOC GENERICI,
"",SYB,ETORICOXIB SANDOZ,
"",SYB,ETORICOXIB ALTER,
"",SYB,ALGIX,
"",SYB,XETORIB,
"",SYB,ARCOXIA,
"",SYB,ETORICOXIB MYLAN,
"",SYB,EXINEF,
"",SYB,ETORICOXIB TEVA,
"",SYB,ETORICOXIB EG,
"",SYC,ARCOXIA,
"",SYC,EXINEF,
"",SYC,ETORICOXIB ALTER,
"",SYC,ETORICOXIB ZENTIVA,
"",SYC,ETORICOXIB TEVA,
"",SYC,ETORICOXIB SANDOZ,
"",SYC,ETORICOXIB PENSA,
"",SYC,ETORICOXIB EG,
"",SYC,XETORIB,
"",SYC,ALGIX,
"",SYC,ETORICOXIB MYLAN,
"",SYC,ETORICOXIB DOC GENERICI,
"",SYC,TAUXIB,
"",SYC,ETORICOXIB TECNIGEN,
"",SYC,ETORICOXIB KRKA,
"",SYC,ETORICOXIB AUROBINDO,
"",T7A,VALGANCICLOVIR SANDOZ,
"",T7A,VALGANCICLOVIR ACCORD,
"",T7A,VALGANCICLOVIR MYLAN,
"",T7A,VALGANCICLOVIR AUROBINDO,
"",T7A,VALCYTE,
"",T7A,VALGANCICLOVIR TEVA,
"",TBA,VILDAGLIPTIN ACCORD,
"",TBA,VILDAGLIPTIN TEVA,
"",TBA,GALVUS,
"",TBA,VILDAGLIPTIN PENSA,
"",TBA,VILDAGLIPTIN EG,
"",TBA,VILDAGLIPTIN DOC,
"",TBA,VILDAGLIPTIN SANDOZ,
"",THA,ZOFENOPRIL E IDROCLOROTIAZIDE DOC GENERICI,
"",THA,ZANTIPRIDE,
"",THA,BIFRIZIDE,
"",THA,ZOPRAZIDE,
"",THA,ZOFENOPRIL E IDROCLOROTIAZIDE MYLAN,
"",THA,ZOFENOPRIL E IDROCLOROTIAZIDE EG,
"",TIA,ZONISAMIDE SANDOZ,
"",TIA,ZONEGRAN,
"",TIA,ZONISAMIDE DOC GENERICI,
"",TIA,ZONISAMIDE MYLAN,
"",TIB,ZONEGRAN,
"",TIB,ZONISAMIDE DOC GENERICI,
"",TIB,ZONISAMIDE MYLAN,
"",TIC,ZONEGRAN,
"",TIC,ZONISAMIDE SANDOZ,
"",TIC,ZONISAMIDE MYLAN,
"",TIC,ZONISAMIDE DOC GENERICI,
"",TMA,NITISINONE DIPHARMA,
"",TMA,ORFADIN,
"",TMA,NITISINONE MDK,
"",TMB,ORFADIN,
"",TMB,NITISINONE DIPHARMA,
"",TMB,NITISINONE MDK,
"",TMC,NITISINONE MDK,
"",TMC,ORFADIN,
"",TMC,NITISINONE DIPHARMA,
"",TUA,COPEMYL,
"",TUA,COPAXONE,
"",TUB,COPEMYLTRI,
"",TUB,COPAXONE,
